count	title	author	year	lists	key
17	The Great Gatsby	F. Scott Fitzgerald	1925	bbc_big_read_top100,bookbub_classics_lifetime,classic_books_challenge,goodreads_137197_top100,goodreads_lifetime_100_pdf,great_books_western_world,greatest_books_top200,guardian_100_best_novels_2026,guardian_100_best_novels_english_2015,jeffrich_100_books,le_monde_100_books,modern_library_prh_novels,observer_100_greatest_novels_2003,pbs_great_american_read,penguin_100_classics,time_100_novels,worldcat_library100	great gatsby|fitzgerald
17	1984	George Orwell	1949	bbc_big_read_top100,bokklubben_world_library,bookbub_classics_lifetime,classic_books_challenge,goodreads_137197_top100,goodreads_lifetime_100_pdf,greatest_books_top200,guardian_100_best_novels_2026,guardian_100_best_novels_english_2015,jeffrich_100_books,le_monde_100_books,modern_library_prh_novels,observer_100_greatest_novels_2003,pbs_great_american_read,penguin_100_classics,time_100_novels,worldcat_library100	1984|orwell
14	Wuthering Heights	Emily Brontë	1847	bbc_big_read_top100,bokklubben_world_library,bookbub_classics_lifetime,classic_books_challenge,goodreads_137197_top100,goodreads_lifetime_100_pdf,greatest_books_top200,guardian_100_best_novels_2026,guardian_100_best_novels_english_2015,jeffrich_100_books,observer_100_greatest_novels_2003,pbs_great_american_read,penguin_100_classics,worldcat_library100	wuthering heights|bronte
14	The Catcher in the Rye	J.D. Salinger	1951	bbc_big_read_top100,bookbub_classics_lifetime,classic_books_challenge,goodreads_137197_top100,goodreads_lifetime_100_pdf,greatest_books_top200,guardian_100_best_novels_english_2015,le_monde_100_books,modern_library_prh_novels,observer_100_greatest_novels_2003,pbs_great_american_read,penguin_100_classics,time_100_novels,worldcat_library100	catcher in the rye|salinger
13	Catch-22	Joseph Heller	1961	bbc_big_read_top100,bookbub_classics_lifetime,classic_books_challenge,goodreads_137197_top100,goodreads_lifetime_100_pdf,greatest_books_top200,guardian_100_best_novels_2026,guardian_100_best_novels_english_2015,modern_library_prh_novels,observer_100_greatest_novels_2003,pbs_great_american_read,penguin_100_classics,time_100_novels	catch 22|heller
13	Brave New World	Aldous Huxley	1932	bbc_big_read_top100,bookbub_classics_lifetime,classic_books_challenge,goodreads_137197_top100,goodreads_lifetime_100_pdf,greatest_books_top200,guardian_100_best_novels_english_2015,jeffrich_100_books,le_monde_100_books,modern_library_prh_novels,observer_100_greatest_novels_2003,penguin_100_classics,worldcat_library100	brave new world|huxley
13	Ulysses	James Joyce	1922	bbc_big_read_top100,bokklubben_world_library,bookbub_classics_lifetime,classic_books_challenge,greatest_books_top200,guardian_100_best_novels_2026,guardian_100_best_novels_english_2015,jeffrich_100_books,le_monde_100_books,modern_library_prh_novels,observer_100_greatest_novels_2003,penguin_100_classics,worldcat_library100	ulysses|joyce
13	One Hundred Years of Solitude	Gabriel García Márquez	1967	bbc_big_read_top100,bokklubben_world_library,classic_books_challenge,goodreads_137197_top100,goodreads_lifetime_100_pdf,greatest_books_top200,guardian_100_best_novels_2026,jeffrich_100_books,le_monde_100_books,observer_100_greatest_novels_2003,pbs_great_american_read,penguin_100_classics,worldcat_library100	one hundred years of solitude|marquez
12	Pride and Prejudice	Jane Austen	1813	bbc_big_read_top100,bokklubben_world_library,bookbub_classics_lifetime,classic_books_challenge,goodreads_137197_top100,goodreads_lifetime_100_pdf,greatest_books_top200,guardian_100_best_novels_2026,jeffrich_100_books,pbs_great_american_read,penguin_100_classics,worldcat_library100	pride and prejudice|austen
12	Jane Eyre	Charlotte Brontë	1847	bbc_big_read_top100,bookbub_classics_lifetime,classic_books_challenge,goodreads_137197_top100,goodreads_lifetime_100_pdf,greatest_books_top200,guardian_100_best_novels_2026,guardian_100_best_novels_english_2015,observer_100_greatest_novels_2003,pbs_great_american_read,penguin_100_classics,worldcat_library100	jane eyre|bronte
12	To Kill a Mockingbird	Harper Lee	1960	bbc_big_read_top100,bookbub_classics_lifetime,classic_books_challenge,goodreads_137197_top100,goodreads_lifetime_100_pdf,greatest_books_top200,guardian_100_best_novels_english_2015,observer_100_greatest_novels_2003,pbs_great_american_read,penguin_100_classics,time_100_novels,worldcat_library100	to kill a mockingbird|lee
12	Moby-Dick	Herman Melville	1851	bokklubben_world_library,bookbub_classics_lifetime,classic_books_challenge,great_books_western_world,greatest_books_top200,guardian_100_best_novels_2026,guardian_100_best_novels_english_2015,jeffrich_100_books,observer_100_greatest_novels_2003,pbs_great_american_read,penguin_100_classics,worldcat_library100	moby dick|melville
12	Frankenstein	Mary Shelley	1818	bookbub_classics_lifetime,classic_books_challenge,goodreads_137197_top100,goodreads_lifetime_100_pdf,greatest_books_top200,guardian_100_best_novels_2026,guardian_100_best_novels_english_2015,jeffrich_100_books,observer_100_greatest_novels_2003,pbs_great_american_read,penguin_100_classics,worldcat_library100	frankenstein|shelley
12	The Grapes of Wrath	John Steinbeck	1939	bbc_big_read_top100,classic_books_challenge,goodreads_lifetime_100_pdf,greatest_books_top200,guardian_100_best_novels_english_2015,jeffrich_100_books,le_monde_100_books,modern_library_prh_novels,pbs_great_american_read,penguin_100_classics,time_100_novels,worldcat_library100	grapes of wrath|steinbeck
12	The Lord of the Rings	J.R.R. Tolkien	1954	bbc_big_read_top100,bookbub_classics_lifetime,classic_books_challenge,goodreads_137197_top100,goodreads_lifetime_100_pdf,greatest_books_top200,le_monde_100_books,observer_100_greatest_novels_2003,pbs_great_american_read,penguin_100_classics,time_100_novels,worldcat_library100	lord of the rings|tolkien
11	Don Quixote	Miguel de Cervantes	1605	bokklubben_world_library,bookbub_classics_lifetime,classic_books_challenge,great_books_western_world,greatest_books_top200,guardian_100_best_novels_2026,jeffrich_100_books,observer_100_greatest_novels_2003,pbs_great_american_read,penguin_100_classics,worldcat_library100	don quixote|cervantes
11	Great Expectations	Charles Dickens	1861	bbc_big_read_top100,bokklubben_world_library,bookbub_classics_lifetime,classic_books_challenge,goodreads_137197_top100,goodreads_lifetime_100_pdf,greatest_books_top200,guardian_100_best_novels_2026,pbs_great_american_read,penguin_100_classics,worldcat_library100	great expectations|dickens
11	Crime and Punishment	Fyodor Dostoyevsky	1866	bbc_big_read_top100,bokklubben_world_library,classic_books_challenge,goodreads_137197_top100,goodreads_lifetime_100_pdf,greatest_books_top200,guardian_100_best_novels_2026,jeffrich_100_books,pbs_great_american_read,penguin_100_classics,worldcat_library100	crime and punishment|dostoevsky
11	Lord of the Flies	William Golding	1954	bbc_big_read_top100,bookbub_classics_lifetime,classic_books_challenge,goodreads_137197_top100,goodreads_lifetime_100_pdf,greatest_books_top200,guardian_100_best_novels_english_2015,modern_library_prh_novels,observer_100_greatest_novels_2003,time_100_novels,worldcat_library100	lord of the flies|golding
11	Anna Karenina	Leo Tolstoy	1878	bbc_big_read_top100,bokklubben_world_library,bookbub_classics_lifetime,classic_books_challenge,goodreads_lifetime_100_pdf,greatest_books_top200,guardian_100_best_novels_2026,jeffrich_100_books,observer_100_greatest_novels_2003,penguin_100_classics,worldcat_library100	anna karenina|tolstoy
10	Little Women	Louisa May Alcott	1868	bbc_big_read_top100,bookbub_classics_lifetime,goodreads_137197_top100,goodreads_lifetime_100_pdf,greatest_books_top200,guardian_100_best_novels_english_2015,observer_100_greatest_novels_2003,pbs_great_american_read,penguin_100_classics,worldcat_library100	little women|alcott
10	Lolita	Vladimir Nabokov	1955	bokklubben_world_library,classic_books_challenge,greatest_books_top200,guardian_100_best_novels_2026,guardian_100_best_novels_english_2015,le_monde_100_books,modern_library_prh_novels,observer_100_greatest_novels_2003,penguin_100_classics,time_100_novels	lolita|nabokov
10	Animal Farm	George Orwell	1946	bbc_big_read_top100,bookbub_classics_lifetime,classic_books_challenge,goodreads_137197_top100,goodreads_lifetime_100_pdf,great_books_western_world,greatest_books_top200,modern_library_prh_novels,time_100_novels,worldcat_library100	animal farm|orwell
10	Midnight's Children	Salman Rushdie	1981	bbc_big_read_top100,bokklubben_world_library,classic_books_challenge,greatest_books_top200,guardian_100_best_novels_2026,guardian_100_best_novels_english_2015,jeffrich_100_books,le_monde_100_books,modern_library_prh_novels,time_100_novels	midnights children|rushdie
10	War and Peace	Leo Tolstoy	1869	bbc_big_read_top100,bokklubben_world_library,classic_books_challenge,great_books_western_world,greatest_books_top200,guardian_100_best_novels_2026,jeffrich_100_books,pbs_great_american_read,penguin_100_classics,worldcat_library100	war and peace|tolstoy
10	The Adventures of Huckleberry Finn	Mark Twain	1884	bokklubben_world_library,bookbub_classics_lifetime,classic_books_challenge,goodreads_lifetime_100_pdf,great_books_western_world,greatest_books_top200,guardian_100_best_novels_english_2015,observer_100_greatest_novels_2003,penguin_100_classics,worldcat_library100	adventures of huckleberry finn|twain
9	Things Fall Apart	Chinua Achebe	1958	bokklubben_world_library,classic_books_challenge,greatest_books_top200,guardian_100_best_novels_2026,jeffrich_100_books,observer_100_greatest_novels_2003,pbs_great_american_read,penguin_100_classics,time_100_novels	things fall apart|achebe
9	Alice's Adventures in Wonderland	Lewis Carroll	1865	bbc_big_read_top100,classic_books_challenge,goodreads_137197_top100,goodreads_lifetime_100_pdf,greatest_books_top200,guardian_100_best_novels_english_2015,observer_100_greatest_novels_2003,pbs_great_american_read,worldcat_library100	alices adventures in wonderland|carroll
9	Heart of Darkness	Joseph Conrad	1899	classic_books_challenge,great_books_western_world,greatest_books_top200,guardian_100_best_novels_2026,guardian_100_best_novels_english_2015,jeffrich_100_books,modern_library_prh_novels,pbs_great_american_read,penguin_100_classics	heart of darkness|conrad
9	The Brothers Karamazov	Fyodor Dostoevsky	1880	bokklubben_world_library,classic_books_challenge,goodreads_lifetime_100_pdf,great_books_western_world,greatest_books_top200,guardian_100_best_novels_2026,jeffrich_100_books,observer_100_greatest_novels_2003,penguin_100_classics	brothers karamazov|dostoevsky
9	The Count of Monte Cristo	Alexandre Dumas	1844	bbc_big_read_top100,bookbub_classics_lifetime,goodreads_137197_top100,goodreads_lifetime_100_pdf,greatest_books_top200,observer_100_greatest_novels_2003,pbs_great_american_read,penguin_100_classics,worldcat_library100	count of monte cristo|dumas
9	Middlemarch	George Eliot	1871	bbc_big_read_top100,bokklubben_world_library,classic_books_challenge,great_books_western_world,greatest_books_top200,guardian_100_best_novels_2026,guardian_100_best_novels_english_2015,jeffrich_100_books,penguin_100_classics	middlemarch|eliot
9	The Sound and the Fury	William Faulkner	1929	bokklubben_world_library,bookbub_classics_lifetime,classic_books_challenge,greatest_books_top200,guardian_100_best_novels_2026,jeffrich_100_books,le_monde_100_books,modern_library_prh_novels,time_100_novels	sound and the fury|faulkner
9	Madame Bovary	Gustave Flaubert	1857	bokklubben_world_library,bookbub_classics_lifetime,classic_books_challenge,greatest_books_top200,guardian_100_best_novels_2026,jeffrich_100_books,observer_100_greatest_novels_2003,penguin_100_classics,worldcat_library100	madame bovary|flaubert
9	Gone with the Wind	Margaret Mitchell	1936	bbc_big_read_top100,bookbub_classics_lifetime,classic_books_challenge,goodreads_lifetime_100_pdf,greatest_books_top200,le_monde_100_books,pbs_great_american_read,time_100_novels,worldcat_library100	gone with the wind|mitchell
9	Beloved	Toni Morrison	1987	bokklubben_world_library,bookbub_classics_lifetime,classic_books_challenge,goodreads_lifetime_100_pdf,greatest_books_top200,guardian_100_best_novels_2026,pbs_great_american_read,penguin_100_classics,time_100_novels	beloved|morrison
9	Gulliver's Travels	Jonathan Swift	1726	bokklubben_world_library,bookbub_classics_lifetime,classic_books_challenge,great_books_western_world,greatest_books_top200,guardian_100_best_novels_english_2015,observer_100_greatest_novels_2003,pbs_great_american_read,worldcat_library100	gullivers travels|swift
9	Mrs Dalloway	Virginia Woolf	1925	bokklubben_world_library,bookbub_classics_lifetime,classic_books_challenge,greatest_books_top200,guardian_100_best_novels_2026,guardian_100_best_novels_english_2015,observer_100_greatest_novels_2003,penguin_100_classics,time_100_novels	missus dalloway|woolf
8	The Stranger	Albert Camus	1942	bokklubben_world_library,bookbub_classics_lifetime,classic_books_challenge,goodreads_137197_top100,greatest_books_top200,guardian_100_best_novels_2026,le_monde_100_books,worldcat_library100	stranger|camus
8	David Copperfield	Charles Dickens	1849-50	bbc_big_read_top100,classic_books_challenge,greatest_books_top200,guardian_100_best_novels_2026,guardian_100_best_novels_english_2015,observer_100_greatest_novels_2003,penguin_100_classics,worldcat_library100	david copperfield|dickens
8	Invisible Man	Ralph Ellison	1952	bokklubben_world_library,bookbub_classics_lifetime,classic_books_challenge,greatest_books_top200,guardian_100_best_novels_2026,modern_library_prh_novels,pbs_great_american_read,time_100_novels	invisible man|ellison
8	On the Road	Jack Kerouac	1957	bbc_big_read_top100,bookbub_classics_lifetime,greatest_books_top200,guardian_100_best_novels_english_2015,le_monde_100_books,modern_library_prh_novels,observer_100_greatest_novels_2003,time_100_novels	on the road|kerouac
8	In Search of Lost Time	Marcel Proust	1913–27	bokklubben_world_library,classic_books_challenge,great_books_western_world,greatest_books_top200,guardian_100_best_novels_2026,jeffrich_100_books,le_monde_100_books,observer_100_greatest_novels_2003	in search of lost time|proust
8	Vanity Fair	William Makepeace Thackeray	1848	bookbub_classics_lifetime,classic_books_challenge,greatest_books_top200,guardian_100_best_novels_2026,guardian_100_best_novels_english_2015,observer_100_greatest_novels_2003,penguin_100_classics,worldcat_library100	vanity fair|thackeray
8	The Picture of Dorian Gray	Oscar Wilde	1891	bookbub_classics_lifetime,goodreads_137197_top100,greatest_books_top200,guardian_100_best_novels_english_2015,observer_100_greatest_novels_2003,pbs_great_american_read,penguin_100_classics,worldcat_library100	picture of dorian gray|wilde
8	To the Lighthouse	Virginia Woolf	1927	bokklubben_world_library,classic_books_challenge,great_books_western_world,greatest_books_top200,guardian_100_best_novels_2026,modern_library_prh_novels,penguin_100_classics,time_100_novels	to the lighthouse|woolf
7	The Handmaid's Tale	Margaret Atwood	1985	bookbub_classics_lifetime,goodreads_137197_top100,goodreads_lifetime_100_pdf,greatest_books_top200,guardian_100_best_novels_2026,pbs_great_american_read,penguin_100_classics	handmaids tale|atwood
7	Emma	Jane Austen	1815	bbc_big_read_top100,classic_books_challenge,great_books_western_world,greatest_books_top200,guardian_100_best_novels_2026,guardian_100_best_novels_english_2015,observer_100_greatest_novels_2003	emma|austen
7	A Passage to India	EM Forster	1924	bookbub_classics_lifetime,classic_books_challenge,greatest_books_top200,guardian_100_best_novels_english_2015,modern_library_prh_novels,observer_100_greatest_novels_2003,time_100_novels	passage to india|forster
7	Tess of the d'Urbervilles	Thomas Hardy	1891	bbc_big_read_top100,bookbub_classics_lifetime,classic_books_challenge,greatest_books_top200,jeffrich_100_books,penguin_100_classics,worldcat_library100	tess of the durbervilles|hardy
7	The Scarlet Letter	Nathaniel Hawthorne	1850	bookbub_classics_lifetime,classic_books_challenge,goodreads_lifetime_100_pdf,greatest_books_top200,guardian_100_best_novels_english_2015,observer_100_greatest_novels_2003,worldcat_library100	scarlet letter|hawthorne
7	The Trial	Franz Kafka	1925	bokklubben_world_library,classic_books_challenge,greatest_books_top200,guardian_100_best_novels_2026,le_monde_100_books,observer_100_greatest_novels_2003,worldcat_library100	trial|kafka
7	The Call of the Wild	Jack London	1903	bookbub_classics_lifetime,guardian_100_best_novels_english_2015,modern_library_prh_novels,observer_100_greatest_novels_2003,pbs_great_american_read,penguin_100_classics,worldcat_library100	call of the wild|london
7	Rebecca	Daphne du Maurier	1938	bbc_big_read_top100,bookbub_classics_lifetime,goodreads_lifetime_100_pdf,greatest_books_top200,guardian_100_best_novels_2026,pbs_great_american_read,penguin_100_classics	rebecca|maurier
7	Tristram Shandy	Laurence Sterne	1759	bokklubben_world_library,classic_books_challenge,great_books_western_world,greatest_books_top200,guardian_100_best_novels_2026,guardian_100_best_novels_english_2015,observer_100_greatest_novels_2003	tristram shandy|sterne
7	Dracula	Bram Stoker	1897	bookbub_classics_lifetime,goodreads_lifetime_100_pdf,greatest_books_top200,guardian_100_best_novels_2026,guardian_100_best_novels_english_2015,penguin_100_classics,worldcat_library100	dracula|stoker
6	The Hitchhiker's Guide to the Galaxy	Douglas Adams	1979	bbc_big_read_top100,bookbub_classics_lifetime,goodreads_137197_top100,goodreads_lifetime_100_pdf,greatest_books_top200,pbs_great_american_read	hitchhikers guide to the galaxy|adams
6	Waiting for Godot	Samuel Beckett	1952/53	classic_books_challenge,great_books_western_world,greatest_books_top200,guardian_100_best_nonfiction_2017,jeffrich_100_books,le_monde_100_books	waiting for godot|beckett
6	The Good Soldier	Ford Madox Ford	1915	classic_books_challenge,greatest_books_top200,guardian_100_best_novels_2026,guardian_100_best_novels_english_2015,modern_library_prh_novels,observer_100_greatest_novels_2003	good soldier|ford
6	The Old Man and the Sea	Ernest Hemingway	1952	bokklubben_world_library,bookbub_classics_lifetime,classic_books_challenge,goodreads_lifetime_100_pdf,greatest_books_top200,worldcat_library100	old man and the sea|hemingway
6	The Sun Also Rises	Ernest Hemingway	1926	classic_books_challenge,greatest_books_top200,guardian_100_best_novels_english_2015,modern_library_prh_novels,pbs_great_american_read,time_100_novels	sun also rises|hemingway
6	The Iliad	Homer	760–710 BCE	bokklubben_world_library,bookbub_classics_lifetime,classic_books_challenge,great_books_western_world,greatest_books_top200,penguin_100_classics	iliad|homer
6	A Portrait of the Artist as a Young Man	James Joyce	1916	classic_books_challenge,great_books_western_world,greatest_books_top200,modern_library_prh_novels,penguin_100_classics,worldcat_library100	portrait of the artist as a young man|joyce
6	The Metamorphosis	Franz Kafka	1915	bookbub_classics_lifetime,classic_books_challenge,great_books_western_world,greatest_books_top200,guardian_100_best_novels_2026,jeffrich_100_books	metamorphosis|kafka
6	Under the Volcano	Malcolm Lowry	1947	classic_books_challenge,greatest_books_top200,guardian_100_best_novels_english_2015,le_monde_100_books,modern_library_prh_novels,time_100_novels	under the volcano|lowry
6	The Magic Mountain	Thomas Mann	1924	bokklubben_world_library,classic_books_challenge,greatest_books_top200,guardian_100_best_novels_2026,jeffrich_100_books,le_monde_100_books	magic mountain|mann
6	Pale Fire	Vladimir Nabokov	1962	classic_books_challenge,greatest_books_top200,guardian_100_best_novels_2026,jeffrich_100_books,modern_library_prh_novels,time_100_novels	pale fire|nabokov
6	The Little Prince	Antoine de Saint-Exupéry	1943	bookbub_classics_lifetime,goodreads_lifetime_100_pdf,greatest_books_top200,le_monde_100_books,pbs_great_american_read,worldcat_library100	little prince|saint-exupery
6	The Prime of Miss Jean Brodie	Muriel Spark	1961	greatest_books_top200,guardian_100_best_novels_2026,guardian_100_best_novels_english_2015,modern_library_prh_novels,observer_100_greatest_novels_2003,time_100_novels	prime of miss jean brodie|spark
6	The Age of Innocence	Edith Wharton	1920	greatest_books_top200,guardian_100_best_novels_2026,guardian_100_best_novels_english_2015,jeffrich_100_books,modern_library_prh_novels,penguin_100_classics	age of innocence|wharton
6	Charlotte's Web	EB White	1952	classic_books_challenge,goodreads_lifetime_100_pdf,greatest_books_top200,observer_100_greatest_novels_2003,pbs_great_american_read,worldcat_library100	charlottes web|white
5	Persuasion	Jane Austen	1817	bbc_big_read_top100,greatest_books_top200,guardian_100_best_novels_2026,penguin_100_classics,worldcat_library100	persuasion|austen
5	The Decameron	Giovanni Boccaccio	1349–53	bokklubben_world_library,classic_books_challenge,greatest_books_top200,jeffrich_100_books,worldcat_library100	decameron|boccaccio
5	Fahrenheit 451	Ray Bradbury		bookbub_classics_lifetime,goodreads_137197_top100,goodreads_lifetime_100_pdf,greatest_books_top200,worldcat_library100	fahrenheit 451|bradbury
5	The Master and Margarita	Mikhail Bulgakov	1966-67	greatest_books_top200,guardian_100_best_novels_2026,jeffrich_100_books,le_monde_100_books,penguin_100_classics	master and margarita|bulgakov
5	A Clockwork Orange	Anthony Burgess	1962	bookbub_classics_lifetime,greatest_books_top200,guardian_100_best_novels_english_2015,modern_library_prh_novels,time_100_novels	clockwork orange|burgess
5	In Cold Blood	Truman Capote	1966	goodreads_lifetime_100_pdf,greatest_books_top200,guardian_100_best_novels_english_2015,modern_library_prh_nonfiction,penguin_100_classics	in cold blood|capote
5	Journey to the End of the Night	Louis-Ferdinand Céline	1932	bokklubben_world_library,classic_books_challenge,greatest_books_top200,le_monde_100_books,observer_100_greatest_novels_2003	journey to the end of the night|celine
5	The Big Sleep	Raymond Chandler	1939	greatest_books_top200,guardian_100_best_novels_english_2015,le_monde_100_books,observer_100_greatest_novels_2003,time_100_novels	big sleep|chandler
5	Robinson Crusoe	Daniel Defoe	1719	bookbub_classics_lifetime,classic_books_challenge,greatest_books_top200,guardian_100_best_novels_english_2015,observer_100_greatest_novels_2003	robinson crusoe|defoe
5	A Tale of Two Cities	Charles Dickens	1859	bbc_big_read_top100,goodreads_lifetime_100_pdf,greatest_books_top200,penguin_100_classics,worldcat_library100	tale of two cities|dickens
5	Bleak House	Charles Dickens	1852-3	bbc_big_read_top100,greatest_books_top200,guardian_100_best_novels_2026,penguin_100_classics,worldcat_library100	bleak house|dickens
5	As I Lay Dying	William Faulkner	1930	classic_books_challenge,greatest_books_top200,guardian_100_best_novels_english_2015,modern_library_prh_novels,observer_100_greatest_novels_2003	as i lay dying|faulkner
5	Tom Jones	Henry Fielding	1749	classic_books_challenge,great_books_western_world,greatest_books_top200,guardian_100_best_novels_english_2015,observer_100_greatest_novels_2003	tom jones|fielding
5	Faust	Johann Wolfgang von Goethe	1832	bokklubben_world_library,classic_books_challenge,great_books_western_world,greatest_books_top200,jeffrich_100_books	faust|goethe
5	The Wind in the Willows	Kenneth Grahame	1908	bbc_big_read_top100,greatest_books_top200,guardian_100_best_novels_english_2015,observer_100_greatest_novels_2003,worldcat_library100	wind in the willows|grahame
5	A Farewell to Arms	Ernest Hemingway	1929	classic_books_challenge,greatest_books_top200,guardian_100_best_novels_2026,modern_library_prh_novels,worldcat_library100	farewell to arms|hemingway
5	The Odyssey	Homer	8th century BCE	bokklubben_world_library,classic_books_challenge,goodreads_lifetime_100_pdf,great_books_western_world,greatest_books_top200	odyssey|homer
5	Les Miserables	Victor Hugo	1862	classic_books_challenge,goodreads_lifetime_100_pdf,greatest_books_top200,penguin_100_classics,worldcat_library100	miserables|hugo
5	Their Eyes Were Watching God	Zora Neale Hurston	1937	bookbub_classics_lifetime,greatest_books_top200,guardian_100_best_novels_2026,pbs_great_american_read,time_100_novels	their eyes were watching god|hurston
5	The Portrait of a Lady	Henry James	1881	classic_books_challenge,greatest_books_top200,guardian_100_best_novels_2026,jeffrich_100_books,observer_100_greatest_novels_2003	portrait of a lady|james
5	The Castle	Franz Kafka	1926	bokklubben_world_library,classic_books_challenge,greatest_books_top200,jeffrich_100_books,penguin_100_classics	castle|kafka
5	The Golden Notebook	Doris Lessing	1962	bokklubben_world_library,greatest_books_top200,guardian_100_best_novels_2026,guardian_100_best_novels_english_2015,time_100_novels	golden notebook|lessing
5	The Chronicles of Narnia	C.S. Lewis	1950	bbc_big_read_top100,goodreads_lifetime_100_pdf,pbs_great_american_read,time_100_novels,worldcat_library100	chronicles of narnia|lewis
5	Buddenbrooks	Thomas Mann	1901	bokklubben_world_library,greatest_books_top200,guardian_100_best_novels_2026,jeffrich_100_books,penguin_100_classics	buddenbrooks|mann
5	Anne of Green Gables	Lucy Maud Montgomery	1908	bbc_big_read_top100,bookbub_classics_lifetime,goodreads_lifetime_100_pdf,pbs_great_american_read,worldcat_library100	anne of green gables|montgomery
5	The Man Without Qualities	Robert Musil	1930–32	bokklubben_world_library,greatest_books_top200,guardian_100_best_novels_2026,jeffrich_100_books,le_monde_100_books	man without qualities|musil
5	Wide Sargasso Sea	Jean Rhys	1966	greatest_books_top200,guardian_100_best_novels_2026,modern_library_prh_novels,penguin_100_classics,time_100_novels	wide sargasso sea|rhys
5	Harry Potter (series)	J.K. Rowling	1997	bbc_big_read_top100,bookbub_classics_lifetime,goodreads_lifetime_100_pdf,pbs_great_american_read,worldcat_library100	harry potter|rowling
5	Hamlet	William Shakespeare	1603	bokklubben_world_library,classic_books_challenge,goodreads_lifetime_100_pdf,great_books_western_world,greatest_books_top200	hamlet|shakespeare
5	Of Mice and Men	John Steinbeck		bbc_big_read_top100,bookbub_classics_lifetime,goodreads_lifetime_100_pdf,greatest_books_top200,worldcat_library100	of mice and men|steinbeck
5	The Red and the Black	Stendhal	1830	bokklubben_world_library,classic_books_challenge,greatest_books_top200,jeffrich_100_books,worldcat_library100	red and the black|stendhal
5	The Color Purple	Alice Walker	1982	bookbub_classics_lifetime,goodreads_lifetime_100_pdf,greatest_books_top200,guardian_100_best_novels_2026,pbs_great_american_read	color purple|walker
5	Brideshead Revisited	Evelyn Waugh	1945	bbc_big_read_top100,greatest_books_top200,modern_library_prh_novels,penguin_100_classics,time_100_novels	brideshead revisited|waugh
4	Go Tell It on the Mountain	James Baldwin	1953	bookbub_classics_lifetime,guardian_100_best_novels_2026,modern_library_prh_novels,time_100_novels	go tell it on the mountain|baldwin
4	Ficciones	Jorge Luis Borges	1944–56	bokklubben_world_library,classic_books_challenge,greatest_books_top200,le_monde_100_books	ficciones|borges
4	Pilgrim's Progress	John Bunyan	1678	guardian_100_best_novels_english_2015,observer_100_greatest_novels_2003,pbs_great_american_read,worldcat_library100	pilgrims progress|bunyan
4	The Secret Garden	Frances Hodgson Burnett		bbc_big_read_top100,bookbub_classics_lifetime,goodreads_lifetime_100_pdf,worldcat_library100	secret garden|burnett
4	The Canterbury Tales	Geoffrey Chaucer	1380s–1400	bokklubben_world_library,classic_books_challenge,great_books_western_world,greatest_books_top200	canterbury tales|chaucer
4	Stories	Anton Chekhov	1886	bokklubben_world_library,classic_books_challenge,greatest_books_top200,jeffrich_100_books	stories|chekhov
4	And Then There Were None	Agatha Christie	1939	bookbub_classics_lifetime,goodreads_lifetime_100_pdf,greatest_books_top200,pbs_great_american_read	and then there were none|christie
4	The Woman in White	Wilkie Collins	1860	bbc_big_read_top100,greatest_books_top200,observer_100_greatest_novels_2003,penguin_100_classics	woman in white|collins
4	Lord Jim	Joseph Conrad	1900	greatest_books_top200,le_monde_100_books,modern_library_prh_novels,worldcat_library100	lord jim|conrad
4	The Divine Comedy	Dante Alighieri	1308–21	bokklubben_world_library,classic_books_challenge,great_books_western_world,greatest_books_top200	divine comedy|dante
4	A Christmas Carol	Charles Dickens	1843	bbc_big_read_top100,goodreads_lifetime_100_pdf,penguin_100_classics,worldcat_library100	christmas carol|dickens
4	Sentimental Education	Gustave Flaubert	1869	bokklubben_world_library,classic_books_challenge,greatest_books_top200,guardian_100_best_novels_2026	sentimental education|flaubert
4	The Diary of a Young Girl	Anne Frank	1947	bookbub_classics_lifetime,goodreads_lifetime_100_pdf,greatest_books_top200,le_monde_100_books	diary of a young girl|frank
4	Dead Souls	Nikolai Gogol	1842	bokklubben_world_library,classic_books_challenge,greatest_books_top200,jeffrich_100_books	dead souls|gogol
4	Memoirs of a Geisha	Arthur Golden	1997	bbc_big_read_top100,bookbub_classics_lifetime,goodreads_lifetime_100_pdf,pbs_great_american_read	memoirs of a geisha|golden
4	The Tin Drum	Günter Grass	1959	bokklubben_world_library,greatest_books_top200,jeffrich_100_books,observer_100_greatest_novels_2003	tin drum|grass
4	For Whom the Bell Tolls	Ernest Hemingway	1940	classic_books_challenge,greatest_books_top200,le_monde_100_books,worldcat_library100	for whom the bell tolls|hemingway
4	A Prayer for Owen Meany	John Irving	1989	bbc_big_read_top100,bookbub_classics_lifetime,goodreads_lifetime_100_pdf,pbs_great_american_read	prayer for owen meany|irving
4	Lady Chatterley's Lover	D. H. Lawrence	1928	greatest_books_top200,le_monde_100_books,penguin_100_classics,worldcat_library100	lady chatterleys lover|lawrence
4	Sons and Lovers	D. H. Lawrence	1913	bokklubben_world_library,greatest_books_top200,modern_library_prh_novels,worldcat_library100	sons and lovers|lawrence
4	The Rainbow	DH Lawrence	1915	guardian_100_best_novels_2026,guardian_100_best_novels_english_2015,modern_library_prh_novels,observer_100_greatest_novels_2003	rainbow|lawrence
4	Love in the Time of Cholera	Gabriel García Márquez	1985	bbc_big_read_top100,bokklubben_world_library,bookbub_classics_lifetime,greatest_books_top200	love in the time of cholera|marquez
4	Tropic of Cancer	Henry Miller	1934	guardian_100_best_novels_english_2015,modern_library_prh_novels,penguin_100_classics,time_100_novels	tropic of cancer|miller
4	Gargantua and Pantagruel	François Rabelais	1532–34	bokklubben_world_library,classic_books_challenge,great_books_western_world,greatest_books_top200	gargantua and pantagruel|rabelais
4	Housekeeping	Marilynne Robinson	1981	guardian_100_best_novels_2026,guardian_100_best_novels_english_2015,observer_100_greatest_novels_2003,time_100_novels	housekeeping|robinson
4	Antigone	Sophocles		bookbub_classics_lifetime,classic_books_challenge,great_books_western_world,greatest_books_top200	antigone|sophocles
4	Oedipus the King	Sophocles	430 BCE	bokklubben_world_library,classic_books_challenge,great_books_western_world,greatest_books_top200	oedipus the king|sophocles
4	The Hobbit	J. R. R. Tolkien		bbc_big_read_top100,goodreads_lifetime_100_pdf,greatest_books_top200,worldcat_library100	hobbit|tolkien
4	Aeneid	Virgil	29–19 BCE	bokklubben_world_library,classic_books_challenge,great_books_western_world,greatest_books_top200	aeneid|virgil
4	Candide	Voltaire		classic_books_challenge,great_books_western_world,greatest_books_top200,worldcat_library100	candide|voltaire
4	Slaughterhouse-Five	Kurt Vonnegut	1969	classic_books_challenge,greatest_books_top200,modern_library_prh_novels,time_100_novels	slaughterhouse five|vonnegut
4	All the King’s Men	Robert Penn Warren	1946	greatest_books_top200,guardian_100_best_novels_english_2015,modern_library_prh_novels,time_100_novels	all the kings men|warren
4	Scoop	Evelyn Waugh	1938	guardian_100_best_novels_english_2015,modern_library_prh_novels,observer_100_greatest_novels_2003,penguin_100_classics	scoop|waugh
4	Leaves of Grass	Walt Whitman	1855	bokklubben_world_library,classic_books_challenge,goodreads_137197_top100,greatest_books_top200	leaves of grass|whitman
4	A Room of One's Own	Virginia Woolf	1929	greatest_books_top200,guardian_100_best_nonfiction_2017,le_monde_100_books,modern_library_prh_nonfiction	room of ones own|woolf
3	One Thousand and One Nights	Various	700–1500	bokklubben_world_library,classic_books_challenge,greatest_books_top200	one thousand and one nights|
3	Money	Martin Amis	1984	guardian_100_best_novels_english_2015,observer_100_greatest_novels_2003,time_100_novels	money|amis
3	Giovanni's Room	James Baldwin	1956	greatest_books_top200,guardian_100_best_novels_2026,penguin_100_classics	giovannis room|baldwin
3	The Adventures of Augie March	Saul Bellow	1953	guardian_100_best_novels_english_2015,modern_library_prh_novels,time_100_novels	adventures of augie march|bellow
3	The Death of the Heart	Elizabeth Bowen	1938	modern_library_prh_novels,penguin_100_classics,time_100_novels	death of the heart|bowen
3	The Plague	Albert Camus		greatest_books_top200,jeffrich_100_books,observer_100_greatest_novels_2003	plague|camus
3	Silent Spring	Rachel Carson	1962	greatest_books_top200,guardian_100_best_nonfiction_2017,modern_library_prh_nonfiction	silent spring|carson
3	My Ántonia	Willa Cather	1918	greatest_books_top200,guardian_100_best_novels_2026,worldcat_library100	my antonia|cather
3	The Alchemist	Paulo Coelho	1988	bbc_big_read_top100,bookbub_classics_lifetime,pbs_great_american_read	alchemist|coelho
3	The Hunger Games (series)	Suzanne Collins	2008	bookbub_classics_lifetime,goodreads_lifetime_100_pdf,pbs_great_american_read	hunger games|collins
3	Nostromo	Joseph Conrad	1904	bokklubben_world_library,modern_library_prh_novels,observer_100_greatest_novels_2003	nostromo|conrad
3	On the Origin of Species	Charles Darwin	1859	great_books_western_world,greatest_books_top200,guardian_100_best_nonfiction_2017	on the origin of species|darwin
3	Ragtime	E.L. Doctorow	1975	guardian_100_best_novels_2026,modern_library_prh_novels,time_100_novels	ragtime|doctorow
3	Demons	Fyodor Dostoevsky	1872	bokklubben_world_library,classic_books_challenge,greatest_books_top200	demons|dostoevsky
3	The Idiot	Fyodor Dostoevsky	1869	bokklubben_world_library,classic_books_challenge,greatest_books_top200	idiot|dostoevsky
3	An American Tragedy	Theodore Dreiser	1925	greatest_books_top200,modern_library_prh_novels,time_100_novels	american tragedy|dreiser
3	The Name of the Rose	Umberto Eco	1980	greatest_books_top200,jeffrich_100_books,le_monde_100_books	name of the rose|eco
3	The Waste Land	T. S. Eliot	1922	great_books_western_world,greatest_books_top200,guardian_100_best_nonfiction_2017	waste land|eliot
3	Light in August	William Faulkner	1932	greatest_books_top200,modern_library_prh_novels,time_100_novels	light in august|faulkner
3	The Pillars of the Earth	Ken Follett	1989	bbc_big_read_top100,goodreads_lifetime_100_pdf,pbs_great_american_read	pillars of the earth|follett
3	Howards End	E. M. Forster	1910	greatest_books_top200,guardian_100_best_novels_2026,modern_library_prh_novels	howards end|forster
3	I, Claudius	Robert Graves	1934	modern_library_prh_novels,penguin_100_classics,time_100_novels	i claudius|graves
3	The End of the Affair	Graham Greene	1951	greatest_books_top200,guardian_100_best_novels_2026,guardian_100_best_novels_english_2015	end of the affair|greene
3	The Maltese Falcon	Dashiell Hammett	1929	greatest_books_top200,guardian_100_best_novels_english_2015,modern_library_prh_novels	maltese falcon|hammett
3	Far from the Madding Crowd	Thomas Hardy		bbc_big_read_top100,bookbub_classics_lifetime,worldcat_library100	far from the madding crowd|hardy
3	Jude the Obscure	Thomas Hardy	1895	guardian_100_best_novels_2026,guardian_100_best_novels_english_2015,observer_100_greatest_novels_2003	jude the obscure|hardy
3	The Return of the Native	Thomas Hardy	1878	guardian_100_best_novels_2026,penguin_100_classics,worldcat_library100	return of the native|hardy
3	Dune	Frank Herbert	1965	bbc_big_read_top100,greatest_books_top200,pbs_great_american_read	dune|herbert
3	Siddhartha	Hermann Hesse	1922	goodreads_lifetime_100_pdf,greatest_books_top200,pbs_great_american_read	siddhartha|hesse
3	The Outsiders	S. E. Hinton	1967	bookbub_classics_lifetime,pbs_great_american_read,penguin_100_classics	outsiders|hinton
3	Never Let Me Go	Kazuo Ishiguro	2005	bookbub_classics_lifetime,guardian_100_best_novels_2026,time_100_novels	never let me go|ishiguro
3	The Golden Bowl	Henry James	1904	guardian_100_best_novels_2026,guardian_100_best_novels_english_2015,modern_library_prh_novels	golden bowl|james
3	One Flew Over the Cuckoo's Nest	Ken Kesey	1962	greatest_books_top200,penguin_100_classics,time_100_novels	one flew over the cuckoos nest|kesey
3	The Stand	Stephen King	1978	bbc_big_read_top100,goodreads_lifetime_100_pdf,pbs_great_american_read	stand|king
3	The Giver	Lois Lowry	1993	bookbub_classics_lifetime,goodreads_lifetime_100_pdf,pbs_great_american_read	giver|lowry
3	A Game of Thrones	George R. R. Martin	1996	bookbub_classics_lifetime,goodreads_lifetime_100_pdf,pbs_great_american_read	game of thrones|martin
3	Of Human Bondage	W Somerset Maugham	1915	guardian_100_best_novels_english_2015,modern_library_prh_novels,penguin_100_classics	of human bondage|maugham
3	Blood Meridian	Cormac McCarthy	1985	greatest_books_top200,guardian_100_best_novels_2026,time_100_novels	blood meridian|mccarthy
3	The Heart Is A Lonely Hunter	Carson McCullers	1940	greatest_books_top200,modern_library_prh_novels,time_100_novels	heart is a lonely hunter|mccullers
3	Paradise Lost	John Milton		classic_books_challenge,great_books_western_world,greatest_books_top200	paradise lost|milton
3	Essays	Michel de Montaigne	1595	bokklubben_world_library,great_books_western_world,greatest_books_top200	essays|montaigne
3	Song of Solomon	Toni Morrison	1977	guardian_100_best_novels_2026,guardian_100_best_novels_english_2015,observer_100_greatest_novels_2003	song of solomon|morrison
3	The Tale of Genji	Murasaki Shikibu	1000–12	bokklubben_world_library,greatest_books_top200,jeffrich_100_books	tale of genji|murasaki
3	A Bend in the River	VS Naipaul	1979	guardian_100_best_novels_english_2015,modern_library_prh_novels,observer_100_greatest_novels_2003	bend in the river|naipaul
3	A House for Mr Biswas	V.S. Naipaul	1961	guardian_100_best_novels_2026,modern_library_prh_novels,time_100_novels	house for mister biswas|naipaul
3	Metamorphoses	Ovid	1st century CE	bokklubben_world_library,classic_books_challenge,greatest_books_top200	metamorphoses|ovid
3	U.S.A.	John Dos Passos		greatest_books_top200,modern_library_prh_novels,observer_100_greatest_novels_2003	u s a|passos
3	Doctor Zhivago	Boris Pasternak		greatest_books_top200,jeffrich_100_books,worldcat_library100	doctor zhivago|pasternak
3	The Moviegoer	Walker Percy	1961	greatest_books_top200,modern_library_prh_novels,time_100_novels	moviegoer|percy
3	Six Characters in Search of an Author	Luigi Pirandello	1921	great_books_western_world,jeffrich_100_books,le_monde_100_books	six characters in search of an author|pirandello
3	Tales	Edgar Allan Poe	1832–49	bokklubben_world_library,classic_books_challenge,greatest_books_top200	tales|poe
3	The Godfather	Mario Puzo	1969	bbc_big_read_top100,pbs_great_american_read,penguin_100_classics	godfather|puzo
3	Atlas Shrugged	Ayn Rand	1957	bookbub_classics_lifetime,pbs_great_american_read,penguin_100_classics	atlas shrugged|rand
3	Portnoy’s Complaint	Philip Roth	1969	guardian_100_best_novels_english_2015,modern_library_prh_novels,time_100_novels	portnoys complaint|roth
3	Pedro Páramo	Juan Rulfo	1955	bokklubben_world_library,greatest_books_top200,guardian_100_best_novels_2026	pedro paramo|rulfo
3	Austerlitz	WG Sebald	2001	guardian_100_best_novels_2026,jeffrich_100_books,observer_100_greatest_novels_2003	austerlitz|sebald
3	King Lear	William Shakespeare	1608	bokklubben_world_library,great_books_western_world,greatest_books_top200	king lear|shakespeare
3	Macbeth	William Shakespeare		goodreads_lifetime_100_pdf,great_books_western_world,greatest_books_top200	macbeth|shakespeare
3	Romeo and Juliet	William Shakespeare		bookbub_classics_lifetime,goodreads_lifetime_100_pdf,great_books_western_world	romeo and juliet|shakespeare
3	The Jungle	Upton Sinclair		bookbub_classics_lifetime,greatest_books_top200,worldcat_library100	jungle|sinclair
3	A Tree Grows in Brooklyn	Betty Smith	1943	bookbub_classics_lifetime,goodreads_lifetime_100_pdf,pbs_great_american_read	tree grows in brooklyn|smith
3	White Teeth	Zadie Smith	2000	guardian_100_best_novels_2026,pbs_great_american_read,time_100_novels	white teeth|smith
3	One Day in the Life of Ivan Denisovich	Aleksandr Solzhenitsyn	1962	greatest_books_top200,jeffrich_100_books,penguin_100_classics	one day in the life of ivan denisovich|solzhenitsyn
3	East of Eden	John Steinbeck	1952	bookbub_classics_lifetime,goodreads_lifetime_100_pdf,penguin_100_classics	east of eden|steinbeck
3	Treasure Island	Robert Louis Stevenson		bbc_big_read_top100,greatest_books_top200,worldcat_library100	treasure island|stevenson
3	Fathers and Sons	Ivan Turgenev		classic_books_challenge,greatest_books_top200,worldcat_library100	fathers and sons|turgenev
3	The Adventures of Tom Sawyer	Mark Twain	1876	goodreads_lifetime_100_pdf,pbs_great_american_read,worldcat_library100	adventures of tom sawyer|twain
3	Orlando	Virginia Woolf	1928	greatest_books_top200,guardian_100_best_novels_2026,penguin_100_classics	orlando|woolf
3	Native Son	Richard Wright	1940	greatest_books_top200,modern_library_prh_novels,time_100_novels	native son|wright
3	The Book Thief	Markus Zusak	2005	bookbub_classics_lifetime,goodreads_lifetime_100_pdf,pbs_great_american_read	book thief|zusak
2	The Bible	Unknown	1611	greatest_books_top200,guardian_100_best_nonfiction_2017	bible|
2	Watership Down	Richard Adams		bbc_big_read_top100,goodreads_lifetime_100_pdf	watership down|adams
2	Lucky Jim	Kingsley Amis	1954	observer_100_greatest_novels_2003,time_100_novels	lucky jim|amis
2	Fairy Tales	Hans Christian Andersen	1835–37	bokklubben_world_library,classic_books_challenge	fairy tales|andersen
2	I Know Why the Caged Bird Sings	Maya Angelou	1969	bookbub_classics_lifetime,penguin_100_classics	i know why the caged bird sings|angelou
2	The Clan of the Cave Bear	Jean M. Auel	1980	bbc_big_read_top100,pbs_great_american_read	clan of the cave bear|auel
2	Confessions	Augustine of Hippo		great_books_western_world,greatest_books_top200	confessions|augustine
2	Mansfield Park	Jane Austen	1814	guardian_100_best_novels_2026,worldcat_library100	mansfield park|austen
2	Sense and Sensibility	Jane Austen	1811	penguin_100_classics,worldcat_library100	sense and sensibility|austen
2	Another Country	James Baldwin	1962	pbs_great_american_read,penguin_100_classics	another country|baldwin
2	Notes of a Native Son	James Baldwin	1955	guardian_100_best_nonfiction_2017,modern_library_prh_nonfiction	notes of a native son|baldwin
2	Cousin Bette	Honore de Balzac		classic_books_challenge,great_books_western_world	cousin bette|balzac
2	Père Goriot	Honoré de Balzac	1835	bokklubben_world_library,worldcat_library100	pere goriot|balzac
2	The Flowers of Evil	Charles Baudelaire		classic_books_challenge,greatest_books_top200	flowers of evil|baudelaire
2	The Second Sex	Simone de Beauvoir	1949	greatest_books_top200,le_monde_100_books	second sex|beauvoir
2	Zuleika Dobson	Max Beerbohm	1911	guardian_100_best_novels_english_2015,modern_library_prh_novels	zuleika dobson|beerbohm
2	Herzog	Saul Bellow	1964	observer_100_greatest_novels_2003,time_100_novels	herzog|bellow
2	Are You There God? It’s Me, Margaret	Judy Blume	1970	bookbub_classics_lifetime,time_100_novels	are you there god its me margaret|blume
2	The Souls of Black Folk	WEB Du Bois	1903	guardian_100_best_nonfiction_2017,modern_library_prh_nonfiction	souls of black folk|bois
2	The Lost Honor of Katharina Blum	Böll	1974	jeffrich_100_books,le_monde_100_books	lost honor of katharina blum|boll
2	The Life of Samuel Johnson LLD	James Boswell	1791	great_books_western_world,guardian_100_best_nonfiction_2017	life of samuel johnson|boswell
2	The Sheltering Sky	Paul Bowles	1949	modern_library_prh_novels,time_100_novels	sheltering sky|bowles
2	At Swim-Two-Birds	Flann O’Brien	1939	guardian_100_best_novels_english_2015,time_100_novels	at swim two birds|brien
2	The Da Vinci Code	Dan Brown	2003	pbs_great_american_read,worldcat_library100	da vinci code|brown
2	The Thirty-Nine Steps	John Buchan	1915	guardian_100_best_novels_english_2015,observer_100_greatest_novels_2003	thirty nine steps|buchan
2	The Good Earth	Pearl S. Buck		bookbub_classics_lifetime,goodreads_lifetime_100_pdf	good earth|buck
2	If On A Winter's Night a Traveller	Calvino		jeffrich_100_books,observer_100_greatest_novels_2003	if on a winters night a traveller|calvino
2	Oscar and Lucinda	Peter Carey		jeffrich_100_books,observer_100_greatest_novels_2003	oscar and lucinda|carey
2	Death Comes For the Archbishop	Willa Cather	1927	modern_library_prh_novels,time_100_novels	death comes for the archbishop|cather
2	Disgrace	JM Coetzee	1999	guardian_100_best_novels_2026,guardian_100_best_novels_english_2015	disgrace|coetzee
2	Waiting for the Barbarians	Coetzee		jeffrich_100_books,observer_100_greatest_novels_2003	waiting for the barbarians|coetzee
2	The Secret Agent	Conrad		jeffrich_100_books,modern_library_prh_novels	secret agent|conrad
2	The Last of the Mohicans	James Fenimore Cooper		bookbub_classics_lifetime,worldcat_library100	last of the mohicans|cooper
2	The Red Badge of Courage	Stephen Crane	1895	guardian_100_best_novels_english_2015,worldcat_library100	red badge of courage|crane
2	Charlie and the Chocolate Factory	Roald Dahl		bbc_big_read_top100,goodreads_lifetime_100_pdf	charlie and the chocolate factory|dahl
2	The BFG	Roald Dahl		bbc_big_read_top100,observer_100_greatest_novels_2003	bfg|dahl
2	The Brief Wondrous Life of Oscar Wao	Junot Díaz	2007	bookbub_classics_lifetime,pbs_great_american_read	brief wondrous life of oscar wao|diaz
2	Deliverance	James Dickey	1970	modern_library_prh_novels,time_100_novels	deliverance|dickey
2	Sybil	Benjamin Disraeli	1845	guardian_100_best_novels_english_2015,observer_100_greatest_novels_2003	sybil|disraeli
2	Berlin Alexanderplatz	Alfred Döblin	1929	bokklubben_world_library,greatest_books_top200	berlin alexanderplatz|doblin
2	The Complete Sherlock Holmes	Arthur Conan Doyle		goodreads_lifetime_100_pdf,worldcat_library100	adventures of sherlock holmes|doyle
2	The Hound of the Baskervilles	Arthur Conan Doyle	1901–02	greatest_books_top200,le_monde_100_books	hound of the baskervilles|doyle
2	Sister Carrie	Theodore Dreiser	1900	guardian_100_best_novels_english_2015,modern_library_prh_novels	sister carrie|dreiser
2	The Three Musketeers	Alexandre Dumas		greatest_books_top200,worldcat_library100	three musketeers|dumas
2	A Wrinkle in Time	Madeleine L’Engle		bookbub_classics_lifetime,goodreads_lifetime_100_pdf	wrinkle in time|engle
2	Medea	Euripides	431 BCE	bokklubben_world_library,great_books_western_world	medea|euripides
2	Absalom, Absalom!	William Faulkner	1936	bokklubben_world_library,greatest_books_top200	absalom absalom|faulkner
2	Tender Is the Night	F. Scott Fitzgerald		greatest_books_top200,modern_library_prh_novels	tender is the night|fitzgerald
2	Gone Girl	Gillian Flynn	2012	goodreads_lifetime_100_pdf,pbs_great_american_read	gone girl|flynn
2	A Room with a View	E. M. Forster		bookbub_classics_lifetime,modern_library_prh_novels	room with a view|forster
2	The Magus	John Fowles		bbc_big_read_top100,modern_library_prh_novels	magus|fowles
2	The Golden Bough	Sir James George Frazer		great_books_western_world,modern_library_prh_nonfiction	golden bough|frazer
2	The Interpretation of Dreams	Sigmund Freud		great_books_western_world,greatest_books_top200	interpretation of dreams|freud
2	Outlander	Diana Gabaldon	1991	goodreads_lifetime_100_pdf,pbs_great_american_read	outlander|gabaldon
2	The Affluent Society	John Kenneth Galbraith	1958	guardian_100_best_nonfiction_2017,modern_library_prh_nonfiction	affluent society|galbraith
2	The Decline and Fall of the Roman Empire	Edward Gibbon	1776-1788	great_books_western_world,guardian_100_best_nonfiction_2017	decline and fall of the roman empire|gibbon
2	Cold Comfort Farm	Stella Gibbons	1932	bbc_big_read_top100,guardian_100_best_novels_english_2015	cold comfort farm|gibbons
2	The Princess Bride	William Goldman		bookbub_classics_lifetime,goodreads_lifetime_100_pdf	princess bride|goldman
2	Goodbye to All That	Robert Graves	1929	guardian_100_best_nonfiction_2017,modern_library_prh_nonfiction	goodbye to all that|graves
2	Loving	Henry Green	1945	modern_library_prh_novels,time_100_novels	loving|green
2	The Heart of the Matter	Graham Greene	1948	modern_library_prh_novels,time_100_novels	heart of the matter|greene
2	The Power and the Glory	Graham Greene	1939	greatest_books_top200,time_100_novels	power and the glory|greene
2	The Quiet American	Graham Greene	1955	observer_100_greatest_novels_2003,penguin_100_classics	quiet american|greene
2	Life and Fate	Vasily Grossman	1980	guardian_100_best_novels_2026,jeffrich_100_books	life and fate|grossman
2	Diary of a Nobody	George Grossmith	1892	observer_100_greatest_novels_2003,penguin_100_classics	diary of a nobody|grossmith
2	Appointment in Samarra	John O’Hara	1934	modern_library_prh_novels,time_100_novels	appointment in samarra|hara
2	A Mathematician's Apology	G. H. Hardy		great_books_western_world,modern_library_prh_nonfiction	mathematicians apology|hardy
2	The Talented Mr Ripley	Patricia Highsmith	1955	greatest_books_top200,guardian_100_best_novels_2026	talented mister ripley|highsmith
2	Leviathan	Thomas Hobbes	1651	great_books_western_world,guardian_100_best_nonfiction_2017	leviathan|hobbes
2	The Kite Runner	Khaled Hosseini		bookbub_classics_lifetime,goodreads_lifetime_100_pdf	kite runner|hosseini
2	A Doll's House	Henrik Ibsen	1879	bokklubben_world_library,great_books_western_world	dolls house|ibsen
2	An Artist of the Floating World	Kazuo Ishiguro	1986	guardian_100_best_novels_english_2015,observer_100_greatest_novels_2003	artist of the floating world|ishiguro
2	The Remains of the Day	Kazuo Ishiguro	1989	greatest_books_top200,guardian_100_best_novels_2026	remains of the day|ishiguro
2	The Turn of the Screw	Henry James	1898	guardian_100_best_novels_2026,penguin_100_classics	turn of the screw|james
2	The Varieties of Religious Experience	William James	1902	guardian_100_best_nonfiction_2017,modern_library_prh_nonfiction	varieties of religious experience|james
2	The Federalist	Alexander Hamilton, James Madison, John Jay	1788	great_books_western_world,guardian_100_best_nonfiction_2017	federalist papers|publius
2	Three Men in a Boat	Jerome K Jerome	1889	guardian_100_best_novels_english_2015,observer_100_greatest_novels_2003	three men in a boat|jerome
2	Finnegans Wake	James Joyce		jeffrich_100_books,modern_library_prh_novels	finnegans wake|joyce
2	Stories	Franz Kafka	1924	bokklubben_world_library,classic_books_challenge	stories|kafka
2	The General Theory of Employment, Interest and Money	John Maynard Keynes		great_books_western_world,modern_library_prh_nonfiction	general theory of employment interest and money|keynes
2	Kim	Rudyard Kipling	1901	guardian_100_best_novels_english_2015,modern_library_prh_novels	kim|kipling
2	A Separate Peace	John Knowles	1959	bookbub_classics_lifetime,pbs_great_american_read	separate peace|knowles
2	Darkness at Noon	Koestler		jeffrich_100_books,modern_library_prh_novels	darkness at noon|koestler
2	The Structure of Scientific Revolutions	Thomas S Kuhn	1962	guardian_100_best_nonfiction_2017,modern_library_prh_nonfiction	structure of scientific revolutions|kuhn
2	The Unbearable Lightness of Being	Milan Kundera		greatest_books_top200,jeffrich_100_books	unbearable lightness of being|kundera
2	Dangerous Liaison	Pierre Choderlos de Laclos		greatest_books_top200,observer_100_greatest_novels_2003	dangerous liaisons|laclos
2	The Leopard	Giuseppe Tomasi di Lampedusa	1958	greatest_books_top200,guardian_100_best_novels_2026	leopard|lampedusa
2	If This Is a Man	Primo Levi	1947	greatest_books_top200,le_monde_100_books	if this is a man|levi
2	An Essay Concerning Human Understanding	John Locke	1689	great_books_western_world,guardian_100_best_nonfiction_2017	essay concerning human understanding|locke
2	Gypsy Ballads	Federico García Lorca	1928	bokklubben_world_library,le_monde_100_books	gypsy ballads|lorca
2	The Prince	Niccolò Machiavelli		great_books_western_world,greatest_books_top200	prince|machiavelli
2	Man's Fate	Andre Malraux	1933	greatest_books_top200,le_monde_100_books	mans fate|malraux
2	Doctor Faustus	Thomas Mann		greatest_books_top200,jeffrich_100_books	doctor faustus|mann
2	Life of Pi	Yann Martel		bookbub_classics_lifetime,goodreads_lifetime_100_pdf	life of pi|martel
2	The Road	Cormac McCarthy	2006	goodreads_lifetime_100_pdf,guardian_100_best_novels_2026	road|mccarthy
2	The Thorn Birds	Colleen McCullough		bbc_big_read_top100,goodreads_lifetime_100_pdf	thorn birds|mccullough
2	Atonement	Ian McEwan	2002	observer_100_greatest_novels_2003,time_100_novels	atonement|mcewan
2	Lonesome Dove	Larry McMurtry	1985	goodreads_137197_top100,pbs_great_american_read	lonesome dove|mcmurtry
2	The American Language	HL Mencken	1919	guardian_100_best_nonfiction_2017,modern_library_prh_nonfiction	american language|mencken
2	On Liberty	John Stuart Mill	1859	great_books_western_world,guardian_100_best_nonfiction_2017	on liberty|mill
2	Winnie-the-Pooh	A. A. Milne		bbc_big_read_top100,greatest_books_top200	winnie the pooh|milne
2	Areopagitica	John Milton	1644	great_books_western_world,guardian_100_best_nonfiction_2017	areopagitica|milton
2	Under the Net	Iris Murdoch	1954	modern_library_prh_novels,time_100_novels	under the net|murdoch
2	Speak, Memory	Nabokov		jeffrich_100_books,modern_library_prh_nonfiction	speak memory|nabokov
2	The Time Traveler’s Wife	Audrey Niffenegger		bookbub_classics_lifetime,goodreads_lifetime_100_pdf	time travelers wife|niffenegger
2	Homage to Catalonia	Orwell		jeffrich_100_books,modern_library_prh_nonfiction	homage to catalonia|orwell
2	Nightmare Abbey	Thomas Love Peacock	1818	guardian_100_best_novels_english_2015,observer_100_greatest_novels_2003	nightmare abbey|peacock
2	The Book of Disquiet	Fernando Pessoa	1928	bokklubben_world_library,jeffrich_100_books	book of disquiet|pessoa
2	The Bell Jar	Sylvia Plath	1966	greatest_books_top200,guardian_100_best_novels_english_2015	bell jar|plath
2	The Republic	Plato		bookbub_classics_lifetime,great_books_western_world	republic|plato
2	The Open Society and Its Enemies	Karl Popper	1945	guardian_100_best_nonfiction_2017,modern_library_prh_nonfiction	open society and its enemies|popper
2	A Dance to the Music of Time	Anthony Powell	1951	modern_library_prh_novels,time_100_novels	dance to the music of time|powell
2	His Dark Materials	Philip Pullman		bbc_big_read_top100,observer_100_greatest_novels_2003	his dark materials|pullman
2	All Quiet on the Western Front	Erich Maria Remarque		greatest_books_top200,worldcat_library100	all quiet on the western front|remarque
2	Clarissa	Samuel Richardson	1748	guardian_100_best_novels_english_2015,observer_100_greatest_novels_2003	clarissa|richardson
2	American Pastoral	Philip Roth	1997	observer_100_greatest_novels_2003,time_100_novels	american pastoral|roth
2	The God of Small Things	Arundhati Roy	1997	bbc_big_read_top100,guardian_100_best_novels_2026	god of small things|roy
2	Bonjour Tristesse	Francoise Sagan	1954	greatest_books_top200,le_monde_100_books	bonjour tristesse|sagan
2	Rings of Saturn	WG Sebald	1995	guardian_100_best_novels_2026,jeffrich_100_books	rings of saturn|sebald
2	Black Beauty	Anna Sewell		bbc_big_read_top100,worldcat_library100	black beauty|sewell
2	First Folio	William Shakespeare	1623	greatest_books_top200,guardian_100_best_nonfiction_2017	first folio|shakespeare
2	Othello	William Shakespeare	1609	bokklubben_world_library,great_books_western_world	othello|shakespeare
2	I Capture the Castle	Dodie Smith	1948	bbc_big_read_top100,penguin_100_classics	i capture the castle|smith
2	The Wealth of Nations	Adam Smith	1776	great_books_western_world,guardian_100_best_nonfiction_2017	wealth of nations|smith
2	Oedipus at Colonus	Sophocles		classic_books_challenge,great_books_western_world	oedipus at colonus|sophocles
2	The Charterhouse of Parma	Stendhal		greatest_books_top200,observer_100_greatest_novels_2003	charterhouse of parma|stendhal
2	Dr. Jekyll and Mr. Hyde	Robert Louis Stevenson		goodreads_137197_top100,observer_100_greatest_novels_2003	doctor jekyll and mister hyde|stevenson
2	Kidnapped	Robert Louis Stevenson	1886	guardian_100_best_novels_english_2015,worldcat_library100	kidnapped|stevenson
2	The Help	Kathryn Stockett	2009	goodreads_lifetime_100_pdf,pbs_great_american_read	help|stockett
2	Uncle Tom's Cabin	Harriet Beecher Stowe		greatest_books_top200,worldcat_library100	uncle toms cabin|stowe
2	Eminent Victorians	Lytton Strachey	1918	guardian_100_best_nonfiction_2017,modern_library_prh_nonfiction	eminent victorians|strachey
2	Sophie's Choice	William Styron	1979	le_monde_100_books,modern_library_prh_novels	sophies choice|styron
2	Perfume	Patrick Süskind	1985	bbc_big_read_top100,penguin_100_classics	perfume|suskind
2	Confessions of Zeno	Italo Svevo	1923	bokklubben_world_library,greatest_books_top200	confessions of zeno|svevo
2	The Secret History	Donna Tartt	1992	bbc_big_read_top100,penguin_100_classics	secret history|tartt
2	Mrs Palfrey at the Claremont	Elizabeth Taylor	1971	guardian_100_best_novels_english_2015,observer_100_greatest_novels_2003	missus palfrey at the claremont|taylor
2	The Making of the English Working Class	EP Thompson	1963	guardian_100_best_nonfiction_2017,modern_library_prh_nonfiction	making of the english working class|thompson
2	Walden	Henry David Thoreau	1854	greatest_books_top200,guardian_100_best_nonfiction_2017	walden|thoreau
2	A Confederacy of Dunces	John Kennedy Toole	1980	pbs_great_american_read,penguin_100_classics	confederacy of dunces|toole
2	The Way We Live Now	Anthony Trollope	1875	guardian_100_best_novels_english_2015,observer_100_greatest_novels_2003	way we live now|trollope
2	Rabbit, Run	John Updike	1960	greatest_books_top200,time_100_novels	rabbit run|updike
2	Ramayana	Valmiki	5th – 4th century BCE	bokklubben_world_library,jeffrich_100_books	ramayana|valmiki
2	Mahabharata	Vyasa	9th – 5th century BCE	bokklubben_world_library,jeffrich_100_books	mahabharata|vyasa
2	Infinite Jest	David Foster Wallace	1996	bookbub_classics_lifetime,time_100_novels	infinite jest|wallace
2	The Double Helix	James D Watson	1968	guardian_100_best_nonfiction_2017,modern_library_prh_nonfiction	double helix|watson
2	A Handful of Dust	Evelyn Waugh	1934	modern_library_prh_novels,time_100_novels	handful of dust|waugh
2	The Day of the Locust	Nathanael West	1939	modern_library_prh_novels,time_100_novels	day of the locust|west
2	The House of Mirth	Edith Wharton		bookbub_classics_lifetime,modern_library_prh_novels	house of mirth|wharton
2	The Elements of Style	William Strunk and EB White	1959	guardian_100_best_nonfiction_2017,modern_library_prh_nonfiction	elements of style|white
2	Voss	Patrick White	1957	guardian_100_best_novels_english_2015,jeffrich_100_books	voss|white
2	Night	Elie Wiesel		bookbub_classics_lifetime,goodreads_lifetime_100_pdf	night|wiesel
2	The Bridge of San Luis Rey	Thornton Wilder	1927	modern_library_prh_novels,time_100_novels	bridge of san luis rey|wilder
2	The Right Stuff	Tom Wolfe	1979	guardian_100_best_nonfiction_2017,modern_library_prh_nonfiction	right stuff|wolfe
2	The Waves	Virginia Woolf	1931	guardian_100_best_novels_2026,jeffrich_100_books	waves|woolf
2	Black Boy	Richard Wright	1945	guardian_100_best_nonfiction_2017,modern_library_prh_nonfiction	black boy|wright
2	Memoirs of Hadrian	Marguerite Yourcenar	1951	bokklubben_world_library,greatest_books_top200	memoirs of hadrian|yourcenar
1	Book of Job	Unknown	7th – 4th century BCE	bokklubben_world_library	book of job|
1	Epic of Gilgamesh	Unknown	18th – 17th century BCE	bokklubben_world_library	epic of gilgamesh|
1	The Diary of Fanny Burney		1778	guardian_100_best_nonfiction_2017	diary of fanny burney|
1	The Mirror and the Lamp	Meyer Howard Abrams		modern_library_prh_nonfiction	mirror and the lamp|abrams
1	Present At the Creation	Dean Acheson		modern_library_prh_nonfiction	present at the creation|acheson
1	The Education of Henry Adams	Henry Adams		modern_library_prh_nonfiction	education of henry adams|adams
1	Americanah	Chimamanda Ngozi Adichie	2013	pbs_great_american_read	americanah|adichie
1	Half of a Yellow Sun	Chimamanda Ngozi Adichie	2006	guardian_100_best_novels_2026	half of a yellow sun|adichie
1	Agamemnon	Aeschylus		great_books_western_world	agamemnon|aeschylus
1	Choephoroe	Aeschylus		great_books_western_world	choephoroe|aeschylus
1	Oresteia	Aeschylus		classic_books_challenge	oresteia|aeschylus
1	Prometheus Bound	Aeschylus		great_books_western_world	prometheus bound|aeschylus
1	Seven Against Thebes	Aeschylus		great_books_western_world	seven against thebes|aeschylus
1	The Eumenides	Aeschylus		great_books_western_world	eumenides|aeschylus
1	The Persians	Aeschylus		great_books_western_world	persians|aeschylus
1	The Suppliant Maidens	Aeschylus		great_books_western_world	suppliant maidens|aeschylus
1	A Death in the Family	James Agee	1958	time_100_novels	death in the family|agee
1	Le Grand Meaulnes	Alain-Fournier	1913	le_monde_100_books	grand meaulnes|alain-fournier
1	The Five People You Meet in Heaven	Mitch Albom		bookbub_classics_lifetime	five people you meet in heaven|albom
1	The Absolutely True Diary of a Part-Time Indian (National Book Award Winner)	Sherman Alexie		bookbub_classics_lifetime	absolutely true diary of a part time indian|alexie
1	Madonna in a Fur Coat	Sabahattin Ali	1943	penguin_100_classics	madonna in a fur coat|ali
1	Bless Me, Ultima	Rudolfo Anaya	1972	pbs_great_american_read	bless me ultima|anaya
1	Winesburg, Ohio	Sherwood Anderson		modern_library_prh_novels	winesburg ohio|anderson
1	Flowers in the Attic	V.C. Andrews	1979	pbs_great_american_read	flowers in the attic|andrews
1	The Bridge on the Drina	Andric		jeffrich_100_books	bridge on the drina|andric
1	Alcools	Guillaume Apollinaire	1913	le_monde_100_books	alcools|apollinaire
1	Summa Theologica	Thomas Aquinas		great_books_western_world	summa theologica|aquinas
1	The Essential Rumi	Jalal ad-Din Muhammad ar-Rumi		goodreads_137197_top100	essential rumi|ar-rumi
1	Aurélien	Louis Aragon	1944	le_monde_100_books	aurelien|aragon
1	Kane and Abel	Jeffrey Archer		bbc_big_read_top100	kane and abel|archer
1	Book of Lemmas	Archimedes		great_books_western_world	book of lemmas|archimedes
1	Measurement of a Circle	Archimedes		great_books_western_world	measurement of a circle|archimedes
1	On Conoids and Spheroids	Archimedes		great_books_western_world	on conoids and spheroids|archimedes
1	On Floating Bodies	Archimedes		great_books_western_world	on floating bodies|archimedes
1	On Spirals	Archimedes		great_books_western_world	on spirals|archimedes
1	On the Equilibrium of Planes	Archimedes		great_books_western_world	on the equilibrium of planes|archimedes
1	On the Sphere and Cylinder	Archimedes		great_books_western_world	on the sphere and cylinder|archimedes
1	The Method Treating of Mechanical Problems	Archimedes		great_books_western_world	method treating of mechanical problems|archimedes
1	The Quadrature of the Parabola	Archimedes		great_books_western_world	quadrature of the parabola|archimedes
1	The Sand Reckoner	Archimedes		great_books_western_world	sand reckoner|archimedes
1	The Origins of Totalitarianism	Hannah Arendt	1951	le_monde_100_books	origins of totalitarianism|arendt
1	Ecclesiazousae	Aristophanes		great_books_western_world	ecclesiazousae|aristophanes
1	Lysistrata	Aristophanes		great_books_western_world	lysistrata|aristophanes
1	Peace	Aristophanes		great_books_western_world	peace|aristophanes
1	Plutus	Aristophanes		great_books_western_world	plutus|aristophanes
1	The Acharnians	Aristophanes		great_books_western_world	acharnians|aristophanes
1	The Birds	Aristophanes		great_books_western_world	birds|aristophanes
1	The Clouds	Aristophanes		great_books_western_world	clouds|aristophanes
1	The Frogs	Aristophanes		great_books_western_world	frogs|aristophanes
1	The Knights	Aristophanes		great_books_western_world	knights|aristophanes
1	The Wasps	Aristophanes		great_books_western_world	wasps|aristophanes
1	Thesmophoriazusae	Aristophanes		great_books_western_world	thesmophoriazusae|aristophanes
1	Categories	Aristotle		great_books_western_world	categories|aristotle
1	History of Animals	Aristotle		great_books_western_world	history of animals|aristotle
1	Metaphysics	Aristotle		great_books_western_world	metaphysics|aristotle
1	Meteorology	Aristotle		great_books_western_world	meteorology|aristotle
1	Nicomachean Ethics	Aristotle		great_books_western_world	nicomachean ethics|aristotle
1	On Dreams	Aristotle		great_books_western_world	on dreams|aristotle
1	On Generation and Corruption	Aristotle		great_books_western_world	on generation and corruption|aristotle
1	On Interpretation	Aristotle		great_books_western_world	on interpretation|aristotle
1	On Longevity and Shortness of Life	Aristotle		great_books_western_world	on longevity and shortness of life|aristotle
1	On Memory and Reminisence	Aristotle		great_books_western_world	on memory and reminisence|aristotle
1	On Prophesying by Dreams	Aristotle		great_books_western_world	on prophesying by dreams|aristotle
1	On Sense and the Sensible	Aristotle		great_books_western_world	on sense and the sensible|aristotle
1	On Sleep and Sleeplessness	Aristotle		great_books_western_world	on sleep and sleeplessness|aristotle
1	On the Gait of Animals	Aristotle		great_books_western_world	on the gait of animals|aristotle
1	On the Generation of Animals	Aristotle		great_books_western_world	on the generation of animals|aristotle
1	On the Heavens	Aristotle		great_books_western_world	on the heavens|aristotle
1	On the Motion of Animals	Aristotle		great_books_western_world	on the motion of animals|aristotle
1	On the Soul	Aristotle		great_books_western_world	on the soul|aristotle
1	On Youth and Old Age, On Life and Death, On Breathing	Aristotle		great_books_western_world	on youth and old age on life and death on breathing|aristotle
1	Parts of Animals	Aristotle		great_books_western_world	parts of animals|aristotle
1	Physics	Aristotle		great_books_western_world	physics|aristotle
1	Poetics	Aristotle		great_books_western_world	poetics|aristotle
1	Politics	Aristotle		great_books_western_world	politics|aristotle
1	Posterior Analytics	Aristotle		great_books_western_world	posterior analytics|aristotle
1	Prior Analytics	Aristotle		great_books_western_world	prior analytics|aristotle
1	Rhetoric	Aristotle		great_books_western_world	rhetoric|aristotle
1	Sophistical Refutations	Aristotle		great_books_western_world	sophistical refutations|aristotle
1	The Athenian Constitution	Aristotle		great_books_western_world	athenian constitution|aristotle
1	Topics	Aristotle		great_books_western_world	topics|aristotle
1	Culture and Anarchy	Matthew Arnold	1869	guardian_100_best_nonfiction_2017	culture and anarchy|arnold
1	The Theatre and Its Double	Antonin Artaud	1938	le_monde_100_books	theatre and its double|artaud
1	War Bodies	Neal Asher		goodreads_137197_top100	war bodies|asher
1	Foundation	Isaac Asimov	1951	pbs_great_american_read	foundation|asimov
1	Life After Life	Kate Atkinson		goodreads_137197_top100	life after life|atkinson
1	Dearly	Margaret Atwood		goodreads_137197_top100	dearly|atwood
1	The Blind Assassin	Margaret Atwood	2000	time_100_novels	blind assassin|atwood
1	On Christian Doctrine	Augustine of Hippo		great_books_western_world	on christian doctrine|augustine
1	The City of God	Augustine of Hippo		great_books_western_world	city of god|augustine
1	The Meditations	Marcus Aurelius		great_books_western_world	meditations|aurelius
1	The New York Trilogy	Paul Auster		observer_100_greatest_novels_2003	new york trilogy|auster
1	New Atlantis	Sir Francis Bacon		great_books_western_world	new atlantis|bacon
1	Novum Organum	Sir Francis Bacon		great_books_western_world	novum organum|bacon
1	The Advancement of Learning	Sir Francis Bacon		great_books_western_world	advancement of learning|bacon
1	The Bottle Factory Outing	Beryl Bainbridge		observer_100_greatest_novels_2003	bottle factory outing|bainbridge
1	The Black Sheep	Honoré De Balzac		observer_100_greatest_novels_2003	black sheep|balzac
1	The Fourth Monkey	J.D. Barker		goodreads_137197_top100	fourth monkey|barker
1	Ghost Station	S.A. Barnes		goodreads_137197_top100	ghost station|barnes
1	A Knock at Midnight: A Story of Hope, Justice, and Freedom	Brittany K. Barnett		goodreads_137197_top100	knock at midnight|barnett
1	Peter Pan	J.M. Barrie		worldcat_library100	peter pan|barrie
1	The Secret Barrister: Stories of the Law and How It's Broken	The Secret Barrister		goodreads_137197_top100	secret barrister|barrister
1	The Sot-Weed Factor	John Barth	1960	time_100_novels	sot weed factor|barth
1	The Word of God and the Word of Man	Karl Barth		great_books_western_world	word of god and the word of man|barth
1	Writing Degree Zero	Roland Barthes	1953	le_monde_100_books	writing degree zero|barthes
1	The Narrow Road to the Deep North	Basho		jeffrich_100_books	narrow road to the deep north|basho
1	Samuel Johnson	Walter Jackson Bate		modern_library_prh_nonfiction	samuel johnson|bate
1	The Wizard of Oz	L. Frank Baum		worldcat_library100	wizard of oz|baum
1	The Folded Sky	Elizabeth Bear		goodreads_137197_top100	folded sky|bear
1	Malone Dies	Samuel Beckett		observer_100_greatest_novels_2003	malone dies|beckett
1	Molloy	Samuel Beckett		greatest_books_top200	molloy|beckett
1	Murphy	Samuel Beckett	1938	guardian_100_best_novels_english_2015	murphy|beckett
1	The Trilogy: Molloy, Malone Dies, The Unnamable	Samuel Beckett	1951–53	bokklubben_world_library	trilogy|beckett
1	The Unnameable	Beckett		jeffrich_100_books	unnameable|beckett
1	Henderson the Rain King	Saul Bellow		modern_library_prh_novels	henderson the rain king|bellow
1	Petersburg	Bely		jeffrich_100_books	petersburg|bely
1	The Old Wives’ Tale	Arnold Bennett		modern_library_prh_novels	old wives tale|bennett
1	An Introduction to Metaphysics	Henri Bergson		great_books_western_world	introduction to metaphysics|bergson
1	The Principles of Human Knowledge	George Berkeley		great_books_western_world	principles of human knowledge|berkeley
1	The Hedgehog and the Fox	Isaiah Berlin	1953	guardian_100_best_nonfiction_2017	hedgehog and the fox|berlin
1	The Proper Study of Mankind	Isaiah Berlin		modern_library_prh_nonfiction	proper study of mankind|berlin
1	Under the Sun of Satan	Georges Bernanos	1926	le_monde_100_books	under the sun of satan|bernanos
1	Wittgenstein's Nephew	Bernhard		jeffrich_100_books	wittgensteins nephew|bernhard
1	Captain Corelli's Mandolin	Louis de Bernières		bbc_big_read_top100	captain corellis mandolin|bernieres
1	Doing Justice: A Prosecutor's Thoughts on Crime, Punishment, and the Rule of Law	Preet Bharara		goodreads_137197_top100	doing justice|bharara
1	The Bones at Point No Point	D.D. Black		goodreads_137197_top100	bones at point no point|black
1	Noughts & Crosses	Malorie Blackman		bbc_big_read_top100	noughts and crosses|blackman
1	The Magic Faraway Tree	Enid Blyton		bbc_big_read_top100	magic faraway tree|blyton
1	Courtroom 302: A Year Behind the Scenes in an American Criminal Courthouse	Steve Bogira		goodreads_137197_top100	courtroom 302|bogira
1	Atomic Theory and the Description of Nature (selections)	Niels Bohr		great_books_western_world	atomic theory and the description of nature|bohr
1	Discussion with Einstein on Epistemology	Niels Bohr		great_books_western_world	discussion with einstein on epistemology|bohr
1	Collected Works	Borges		jeffrich_100_books	collected works|borges
1	The Heat of the Day	Elizabeth Bowen	1948	guardian_100_best_novels_english_2015	heat of the day|bowen
1	The Martian Chronicles	Ray Bradbury	1950	le_monde_100_books	martian chronicles|bradbury
1	The Ministry of Time	Kaliane Bradley		goodreads_137197_top100	ministry of time|bradley
1	Mother Courage and Her Children	Bertolt Brecht		great_books_western_world	mother courage and her children|brecht
1	The Resistible Rise of Arturo Ui	Bertolt Brecht	1941	le_monde_100_books	resistible rise of arturo ui|brecht
1	Nadja	André Breton	1928	le_monde_100_books	nadja|breton
1	The Things They Carried	Tim O’Brien		goodreads_lifetime_100_pdf	things they carried|brien
1	Testament of Youth	Vera Brittain	1933	guardian_100_best_nonfiction_2017	testament of youth|brittain
1	Death of Virgil	Broch		jeffrich_100_books	death of virgil|broch
1	The Book of Doors	Gareth Brown		goodreads_137197_top100	book of doors|brown
1	The Scourge Between Stars	Ness Brown		goodreads_137197_top100	scourge between stars|brown
1	Hydriotaphia, Urn Burial, or A Brief Discourse of the Sepulchral Urns Lately Found in Norfolk	Sir Thomas Browne	1658	guardian_100_best_nonfiction_2017	hydriotaphia urn burial|browne
1	The White Guard	Bulgakov		jeffrich_100_books	white guard|bulgakov
1	Reflections on the Revolution in France	Edmund Burke	1790	guardian_100_best_nonfiction_2017	reflections on the revolution in france|burke
1	Naked Lunch	William Burroughs	1959	time_100_novels	naked lunch|burroughs
1	The Anatomy of Melancholy	Robert Burton	1621	guardian_100_best_nonfiction_2017	anatomy of melancholy|burton
1	Kindred	Octavia E Butler	1979	guardian_100_best_novels_2026	kindred|butler
1	The Way of All Flesh	Samuel Butler		modern_library_prh_novels	way of all flesh|butler
1	Second Thoughts	Michel Butor	1957	le_monde_100_books	second thoughts|butor
1	The Tartar Steppe	Dino Buzzati	1940	le_monde_100_books	tartar steppe|buzzati
1	The Age of Jackson	Arthur Schlesinger by Jr.		modern_library_prh_nonfiction	age of jackson|by
1	Possession	A.S. Byatt	1990	time_100_novels	possession|byatt
1	The Road to Oxiana	Robert Byron	1937	guardian_100_best_nonfiction_2017	road to oxiana|byron
1	The Princess Diaries	Meg Cabot		bbc_big_read_top100	princess diaries|cabot
1	The Postman Always Rings Twice	James M. Cain		modern_library_prh_novels	postman always rings twice|cain
1	Tobacco Road	Erskine Caldwell		modern_library_prh_novels	tobacco road|caldwell
1	Institutes of the Christian Religion (First and Second Books complete, Third Book chapters I-V, Fourth Book chapters I-XIII)	John Calvin		great_books_western_world	institutes of the christian religion|calvin
1	Invisible Cities	Italo Calvino	1972	guardian_100_best_novels_2026	invisible cities|calvino
1	Ender’s Game	Orson Scott Card		goodreads_lifetime_100_pdf	enders game|card
1	True History of the Kelly Gang	Peter Carey	2000	guardian_100_best_novels_english_2015	true history of the kelly gang|carey
1	How to Win Friends and Influence People	Dale Carnegie	1936	guardian_100_best_nonfiction_2017	how to win friends and influence people|carnegie
1	The Power Broker	Robert A. Caro		modern_library_prh_nonfiction	power broker|caro
1	The Spy Who Came in From the Cold	John le Carré	1964	time_100_novels	spy who came in from the cold|carre
1	Tinker Tailor Soldier Spy	John Le Carré		observer_100_greatest_novels_2003	tinker tailor soldier spy|carre
1	The Crucifix Killer	Chris Carter		goodreads_137197_top100	crucifix killer|carter
1	Wise Children	Angela Carter		observer_100_greatest_novels_2003	wise children|carter
1	A Lost Lady	Willa Cather		great_books_western_world	lost lady|cather
1	Melbourne	Lord David Cecil		modern_library_prh_nonfiction	melbourne|cecil
1	Poems	Paul Celan	1952	bokklubben_world_library	poems|celan
1	Moravagine	Blaise Cendrars	1926	le_monde_100_books	moravagine|cendrars
1	The Long Goodbye	Raymond Chandler		greatest_books_top200	long goodbye|chandler
1	Furor and Mystery	René Char	1948	le_monde_100_books	furor and mystery|char
1	No Orchids For Miss Blandish	James Hadley Chase	1939	le_monde_100_books	no orchids for miss blandish|chase
1	Troilus and Criseyde	Geoffrey Chaucer		great_books_western_world	troilus and criseyde|chaucer
1	Falconer	John Cheever	1977	time_100_novels	falconer|cheever
1	The Wapshot Chronicle	John Cheever		modern_library_prh_novels	wapshot chronicle|cheever
1	Plays	Chekhov		jeffrich_100_books	plays|chekhov
1	Uncle Vanya	Anton Chekhov		great_books_western_world	uncle vanya|chekhov
1	The House of Morgan	Ron Chernow		modern_library_prh_nonfiction	house of morgan|chernow
1	The Riddle of the Sands	Erskine Childers		observer_100_greatest_novels_2003	riddle of the sands|childers
1	Hojoki	Kamo no Chōmei		jeffrich_100_books	hojoki|chomei
1	The Awakening	Kate Chopin		bookbub_classics_lifetime	awakening|chopin
1	The Murder of Roger Ackroyd	Agatha Christie	1926	le_monde_100_books	murder of roger ackroyd|christie
1	My Early Life: A Roving Commission	Winston Churchill	1930	guardian_100_best_nonfiction_2017	my early life|churchill
1	The Second World War	Winston Churchill		modern_library_prh_nonfiction	second world war|churchill
1	The House on Mango Street	Sandra Cisneros		bookbub_classics_lifetime	house on mango street|cisneros
1	Hunt for Red October, The	Tom Clancy	1984	pbs_great_american_read	hunt for red october|clancy
1	Brief Lives	John Aubrey, edited by Andrew Clark	1898	guardian_100_best_nonfiction_2017	brief lives|clark
1	The Nude: A Study of Ideal Art	Kenneth Clark	1956	guardian_100_best_nonfiction_2017	nude|clark
1	Without a Doubt	Marcia Clark		goodreads_137197_top100	without a doubt|clark
1	Piranesi	Susanna Clarke		goodreads_137197_top100	piranesi|clarke
1	The Satin Slipper	Paul Claudel	1929	le_monde_100_books	satin slipper|claudel
1	The Interrogation	J. M. G. Le Clézio	1963	le_monde_100_books	interrogation|clezio
1	Ready Player One	Ernest Cline	2011	pbs_great_american_read	ready player one|cline
1	Belle du Seigneur	Albert Cohen	1968	le_monde_100_books	belle du seigneur|cohen
1	Awopbopaloobop Alopbamboom	Nik Cohn	1969	guardian_100_best_nonfiction_2017	awopbopaloobop alopbamboom|cohn
1	Children of Crisis	Robert Coles		modern_library_prh_nonfiction	children of crisis|coles
1	The Tendrils of the Vine	Colette	1908	le_monde_100_books	tendrils of the vine|colette
1	Artemis Fowl	Eoin Colfer		bbc_big_read_top100	artemis fowl|colfer
1	The Moonstone	Wilkie Collins	1868	guardian_100_best_novels_english_2015	moonstone|collins
1	Pinocchio	Carlo Collodi		worldcat_library100	pinocchio|collodi
1	Enemies of Promise	Cyril Connolly	1938	guardian_100_best_nonfiction_2017	enemies of promise|connolly
1	Every Dead Thing	John Connolly		goodreads_137197_top100	every dead thing|connolly
1	A Good Man Is Hard to Find	Flannery O'Connor		greatest_books_top200	good man is hard to find|connor
1	The Complete Stories	Flannery O’Connor		bookbub_classics_lifetime	complete stories|connor
1	Wise Blood	Flannery O'Connor		observer_100_greatest_novels_2003	wise blood|connor
1	On the Revolutions of Heavenly Spheres	Nicolaus Copernicus		great_books_western_world	on the revolutions of heavenly spheres|copernicus
1	The Mercy of Gods	James S.A. Corey		goodreads_137197_top100	mercy of gods|corey
1	All the Sinners Bleed	S.A. Cosby		goodreads_137197_top100	all the sinners bleed|cosby
1	The Book of Common Prayer	Thomas Cranmer	1662	guardian_100_best_nonfiction_2017	book of common prayer|cranmer
1	The Puppet Show	M.W. Craven		goodreads_137197_top100	puppet show|craven
1	Jurassic Park	Michael Crichton	1990	pbs_great_american_read	jurassic park|crichton
1	The Promise of American Life	Herbert Croly		modern_library_prh_nonfiction	promise of american life|croly
1	Dark Matter	Blake Crouch		goodreads_137197_top100	dark matter|crouch
1	Recursion	Blake Crouch		goodreads_137197_top100	recursion|crouch
1	Selected Poems	E. E. Cummings		bookbub_classics_lifetime	selected poems|cummings
1	Matilda	Roald Dahl		bbc_big_read_top100	matilda|dahl
1	The Twits	Roald Dahl		bbc_big_read_top100	twits|dahl
1	Nervous Conditions	Tsitsi Dangarembga	1988	guardian_100_best_novels_2026	nervous conditions|dangarembga
1	The Strange Death of Liberal England	George Dangerfield		modern_library_prh_nonfiction	strange death of liberal england|dangerfield
1	The Descent of Man, and Selection in Relation to Sex	Charles Darwin		great_books_western_world	descent of man and selection in relation to sex|darwin
1	A Book of Mediterranean Food	Elizabeth David	1950	guardian_100_best_nonfiction_2017	book of mediterranean food|david
1	The Selfish Gene	Richard Dawkins	1976	guardian_100_best_nonfiction_2017	selfish gene|dawkins
1	A Tour Through the Whole Island of Great Britain	Daniel Defoe	1727	guardian_100_best_nonfiction_2017	tour through the whole island of great britain|defoe
1	Underworld	Don DeLillo	1997	guardian_100_best_novels_english_2015	underworld|delillo
1	White Noise	Don DeLillo	1985	time_100_novels	white noise|delillo
1	Taking the Stand: My Life in the Law	Alan M. Dershowitz		goodreads_137197_top100	taking the stand|dershowitz
1	Discourse on the Method	René Descartes		great_books_western_world	discourse on the method|descartes
1	Meditations on First Philosophy	René Descartes		great_books_western_world	meditations on first philosophy|descartes
1	Objections Against the Meditations and Replies	René Descartes		great_books_western_world	objections against the meditations and replies|descartes
1	Rules for the Direction of the Mind	René Descartes		great_books_western_world	rules for the direction of the mind|descartes
1	The Geometry	René Descartes		great_books_western_world	geometry|descartes
1	Experience and Education	John Dewey		great_books_western_world	experience and education|dewey
1	Philosophy and Civilization	John Dewey		modern_library_prh_nonfiction	philosophy and civilization|dewey
1	Postcolonial Love Poem	Natalie Díaz		goodreads_137197_top100	postcolonial love poem|diaz
1	Ubik	Philip K. Dick	1969	time_100_novels	ubik|dick
1	Hard Times	Charles Dickens	1854	penguin_100_classics	hard times|dickens
1	Little Dorrit	Charles Dickens		great_books_western_world	little dorrit|dickens
1	Oliver Twist	Charles Dickens		worldcat_library100	oliver twist|dickens
1	Our Mutual Friend	Charles Dickens	1864-5	guardian_100_best_novels_2026	our mutual friend|dickens
1	Exordia	Seth Dickinson		goodreads_137197_top100	exordia|dickinson
1	Poems of Emily Dickinson	Emily Dickinson		greatest_books_top200	poems of emily dickinson|dickinson
1	Jacques the Fatalist	Denis Diderot	1796	bokklubben_world_library	jacques the fatalist|diderot
1	Rameau's Nephew	Denis Diderot		great_books_western_world	rameaus nephew|diderot
1	Play It As It Lays	Joan Didion	1970	time_100_novels	play it as it lays|didion
1	The Year of Magical Thinking	Joan Didion	2005	guardian_100_best_nonfiction_2017	year of magical thinking|didion
1	Pilgrim At Tinker Creek	Annie Dillard		modern_library_prh_nonfiction	pilgrim at tinker creek|dillard
1	Out of Africa	Isak Dinesen		modern_library_prh_nonfiction	out of africa|dinesen
1	Genetics and the Origin of Species	Theodosius Dobzhansky		great_books_western_world	genetics and the origin of species|dobzhansky
1	The Ginger Man	J.P. Donleavy		modern_library_prh_novels	ginger man|donleavy
1	Devotions Upon Emergent Occasions	John Donne	1624	guardian_100_best_nonfiction_2017	devotions upon emergent occasions|donne
1	White Nights	Fyodor Dostoyevsky	1848	penguin_100_classics	white nights|dostoevsky
1	Narrative of the Life of Frederick Douglass, an American Slave	Frederick Douglass	1845	guardian_100_best_nonfiction_2017	narrative of the life of frederick douglass an american slave|douglass
1	The Sign of Four	Arthur Conan Doyle	1890	guardian_100_best_novels_english_2015	sign of four|doyle
1	The Ravishing of Lol Stein	Marguerite Duras	1964	le_monde_100_books	ravishing of lol stein|duras
1	The Alexandria Quartet	Lawrence Durrell		modern_library_prh_novels	alexandria quartet|durrell
1	The Expanding Universe	Arthur Eddington		great_books_western_world	expanding universe|eddington
1	Ideas and Opinions	Albert Einstein		modern_library_prh_nonfiction	ideas and opinions|einstein
1	Relativity: The Special and the General Theory	Albert Einstein		great_books_western_world	relativity|einstein
1	Daniel Deronda	George Eliot		observer_100_greatest_novels_2003	daniel deronda|eliot
1	Selected Essays, 1917-1932	T. S. Eliot		modern_library_prh_nonfiction	selected essays 1917 1932|eliot
1	Silas Marner	George Eliot	1861	penguin_100_classics	silas marner|eliot
1	The Mill on the Floss	George Eliot	1860	penguin_100_classics	mill on the floss|eliot
1	Shadow and Act	Ralph Ellison		modern_library_prh_nonfiction	shadow and act|ellison
1	James Joyce	Richard Ellmann		modern_library_prh_nonfiction	james joyce|ellmann
1	LA Confidential	James Ellroy		observer_100_greatest_novels_2003	confidential|ellroy
1	Capital of Pain	Paul Éluard	1926	le_monde_100_books	capital of pain|eluard
1	Essays	RW Emerson	1841	guardian_100_best_nonfiction_2017	essays|emerson
1	The Discourses	Epictetus		great_books_western_world	discourses|epictetus
1	The Interesting Narrative of the Life of Olaudah Equiano	Olaudah Equiano	1789	guardian_100_best_nonfiction_2017	interesting narrative of the life of olaudah equiano|equiano
1	The Praise of Folly	Erasmus		great_books_western_world	praise of folly|erasmus
1	The Thirteen Books of Euclid's Elements	Euclid		great_books_western_world	thirteen books of euclids elements|euclid
1	Alcestis	Euripides		great_books_western_world	alcestis|euripides
1	Andromache	Euripides		great_books_western_world	andromache|euripides
1	Bacchantes	Euripides		great_books_western_world	bacchantes|euripides
1	Cyclops	Euripides		great_books_western_world	cyclops|euripides
1	Electra	Euripides		great_books_western_world	electra|euripides
1	Hecuba	Euripides		great_books_western_world	hecuba|euripides
1	Helen	Euripides		great_books_western_world	helen|euripides
1	Heracleidae	Euripides		great_books_western_world	heracleidae|euripides
1	Heracles Mad	Euripides		great_books_western_world	heracles mad|euripides
1	Hippolytus	Euripides		great_books_western_world	hippolytus|euripides
1	Ion	Euripides		great_books_western_world	ion|euripides
1	Iphigenia in Aulis	Euripides		great_books_western_world	iphigenia in aulis|euripides
1	Iphigenia in Tauris	Euripides		great_books_western_world	iphigenia in tauris|euripides
1	Orestes	Euripides		great_books_western_world	orestes|euripides
1	Rhesus	Euripides		great_books_western_world	rhesus|euripides
1	The Phoenician Women	Euripides		great_books_western_world	phoenician women|euripides
1	The Suppliants	Euripides		great_books_western_world	suppliants|euripides
1	The Trojan Women	Euripides		great_books_western_world	trojan women|euripides
1	Experimental Researches in Electricity	Michael Faraday		great_books_western_world	experimental researches in electricity|faraday
1	The Studs Lonigan Trilogy	James T. Farrell		modern_library_prh_novels	studs lonigan trilogy|farrell
1	A Rose for Emily	William Faulkner		great_books_western_world	rose for emily|faulkner
1	Absolem, Absolem!	William Faulkner		classic_books_challenge	absolem absolem|faulkner
1	Birdsong	Sebastian Faulks		bbc_big_read_top100	birdsong|faulks
1	Magician	Raymond E. Feist		bbc_big_read_top100	magician|feist
1	My Brilliant Friend	Elena Ferrante	2011	guardian_100_best_novels_2026	my brilliant friend|ferrante
1	Six Easy Pieces	Richard P. Feynman		modern_library_prh_nonfiction	six easy pieces|feynman
1	Bridget Jones's Diary	Helen Fielding		bbc_big_read_top100	bridget joness diary|fielding
1	How to Cook a Wolf	MFK Fisher	1942	guardian_100_best_nonfiction_2017	how to cook a wolf|fisher
1	The Beginning of Spring	Penelope Fitzgerald	1988	guardian_100_best_novels_english_2015	beginning of spring|fitzgerald
1	The Civil War	Shelby Foote		modern_library_prh_nonfiction	civil war|foote
1	Parade’S End	Ford Madox Ford		modern_library_prh_novels	parades end|ford
1	The Sportswriter	Richard Ford	1986	time_100_novels	sportswriter|ford
1	Aspects of the Novel	E. M. Forster		modern_library_prh_nonfiction	aspects of the novel|forster
1	The Order of Things	Michel Foucault	1966	le_monde_100_books	order of things|foucault
1	Analytical Theory of Heat	Jean Baptiste Joseph Fourier		great_books_western_world	analytical theory of heat|fourier
1	The French Lieutenant's Woman	John Fowles	1969	time_100_novels	french lieutenants woman|fowles
1	The Autobiography of Benjamin Franklin	Benjamin Franklin	1793	guardian_100_best_nonfiction_2017	autobiography of benjamin franklin|franklin
1	Gaston	André Franquin	1957	le_monde_100_books	gaston|franquin
1	The Corrections	Jonathan Franzen	2001	time_100_novels	corrections|franzen
1	A General Introduction to Psycho-Analysis	Sigmund Freud		great_books_western_world	general introduction to psycho analysis|freud
1	Beyond the Pleasure Principle	Sigmund Freud		great_books_western_world	beyond the pleasure principle|freud
1	Civilization and Its Discontents	Sigmund Freud		great_books_western_world	civilization and its discontents|freud
1	Group Psychology and the Analysis of the Ego	Sigmund Freud		great_books_western_world	group psychology and the analysis of the ego|freud
1	Inhibitions, Symptoms, and Anxiety	Sigmund Freud		great_books_western_world	inhibitions symptoms and anxiety|freud
1	Instincts and Their Vicissitudes	Sigmund Freud		great_books_western_world	instincts and their vicissitudes|freud
1	New Introductory Lectures on Psycho-Analysis	Sigmund Freud		great_books_western_world	new introductory lectures on psycho analysis|freud
1	Observations on "Wild" Psycho-Analysis	Sigmund Freud		great_books_western_world	observations on wild psycho analysis|freud
1	On Narcissism	Sigmund Freud		great_books_western_world	on narcissism|freud
1	Repression	Sigmund Freud		great_books_western_world	repression|freud
1	Selected Papers on Hysteria	Sigmund Freud		great_books_western_world	selected papers on hysteria|freud
1	The Ego and the Id	Sigmund Freud		great_books_western_world	ego and the id|freud
1	The Future Prospects of Psycho-Analytic Therapy	Sigmund Freud		great_books_western_world	future prospects of psycho analytic therapy|freud
1	The Origin and Development of Psycho-Analysis	Sigmund Freud		great_books_western_world	origin and development of psycho analysis|freud
1	The Sexual Enlightenment of Children	Sigmund Freud		great_books_western_world	sexual enlightenment of children|freud
1	The Unconscious	Sigmund Freud		great_books_western_world	unconscious|freud
1	Thoughts for the Times on War and Death	Sigmund Freud		great_books_western_world	thoughts for the times on war and death|freud
1	Three Essays on the Theory of Sexuality	Sigmund Freud	1905	le_monde_100_books	three essays on the theory of sexuality|freud
1	The Feminine Mystique	Betty Friedan	1963	guardian_100_best_nonfiction_2017	feminine mystique|friedan
1	The Great War and Modern Memory	Paul Fussell		modern_library_prh_nonfiction	great war and modern memory|fussell
1	The Recognitions	William Gaddis	1955	time_100_novels	recognitions|gaddis
1	On the Natural Faculties	Galen		great_books_western_world	on the natural faculties|galen
1	Dialogues Concerning the Two New Sciences	Galileo Galilei		great_books_western_world	dialogues concerning the two new sciences|galilei
1	Doña Bárbára	Rómulo Gallegos	1929	pbs_great_american_read	dona barbara|gallegos
1	The Forsyte Saga	John Galsworthy	1922	penguin_100_classics	forsyte saga|galsworthy
1	The Thibaults	du Gard		jeffrich_100_books	thibaults|gard
1	Unsub	Meg Gardiner		goodreads_137197_top100	unsub|gardiner
1	North and South	Elizabeth Gaskell	1854	penguin_100_classics	north and south|gaskell
1	The Life of Charlotte Brontë	Elizabeth Gaskell	1857	guardian_100_best_nonfiction_2017	life of charlotte bronte|gaskell
1	Our Lady of the Flowers	Jean Genet	1944	le_monde_100_books	our lady of the flowers|genet
1	Introduction to Arithmetic	Nicomachus of Gerasa		great_books_western_world	introduction to arithmetic|gerasa
1	Watchmen	Alan Moore and Dave Gibbons	1986	time_100_novels	watchmen|gibbons
1	The Prophet	Kahlil Gibran		goodreads_137197_top100	prophet|gibran
1	Neuromancer	William Gibson	1984	time_100_novels	neuromancer|gibson
1	The Counterfeiters	André Gide	1925	le_monde_100_books	counterfeiters|gide
1	On the Loadstone and Magnetic Bodies	William Gilbert		great_books_western_world	on the loadstone and magnetic bodies|gilbert
1	The Horseman on the Roof	Jean Giono	1951	le_monde_100_books	horseman on the roof|giono
1	New Grub Street	George Gissing	1891	guardian_100_best_novels_english_2015	new grub street|gissing
1	The Wild Iris	Louise Glück		goodreads_137197_top100	wild iris|gluck
1	The Vicar of Wakefield	Oliver Goldsmith		worldcat_library100	vicar of wakefield|goldsmith
1	Art and Illusion	Ernest H. Gombrich		modern_library_prh_nonfiction	art and illusion|gombrich
1	Oblomov	Ivan Goncharov		greatest_books_top200	oblomov|goncharov
1	The Mismeasure of Man	Stephen Jay Gould		modern_library_prh_nonfiction	mismeasure of man|gould
1	Vermeer	Lawrence Gowing		modern_library_prh_nonfiction	vermeer|gowing
1	The Opposing Shore	Julien Gracq	1951	le_monde_100_books	opposing shore|gracq
1	Personal Memoirs	Ulysses S Grant	1885	guardian_100_best_nonfiction_2017	personal memoirs|grant
1	Lanark	Alasdair Gray		observer_100_greatest_novels_2003	lanark|gray
1	Looking for Alaska	John Green	2005	pbs_great_american_read	looking for alaska|green
1	Party Going	Henry Green	1939	guardian_100_best_novels_english_2015	party going|green
1	The Fault in Our Stars	John Green		goodreads_lifetime_100_pdf	fault in our stars|green
1	The Female Eunuch	Germaine Greer	1970	guardian_100_best_nonfiction_2017	female eunuch|greer
1	Fairy Tales of the Brothers Grimm	The Brothers Grimm		bookbub_classics_lifetime	grimms fairy tales|grimm
1	The Innocent Man: Murder and Injustice in a Small Town	John Grisham		goodreads_137197_top100	innocent man|grisham
1	Water for Elephants	Sara Gruen		goodreads_lifetime_100_pdf	water for elephants|gruen
1	The Left Hand of Darkness	Ursula K Le Guin	1969	guardian_100_best_novels_2026	left hand of darkness|guin
1	The Taming of Chance	Ian Hacking		modern_library_prh_nonfiction	taming of chance|hacking
1	Curious Incident of the Dog in the Night-Time, The	Mark Haddon	2003	pbs_great_american_read	curious incident of the dog in the night time|haddon
1	The Midnight Library	Matt Haig		goodreads_137197_top100	midnight library|haig
1	Red Harvest	Dashiell Hammett	1929	time_100_novels	red harvest|hammett
1	Growth of the Soil	Hamsun		jeffrich_100_books	growth of the soil|hamsun
1	Hunger	Knut Hamsun	1890	bokklubben_world_library	hunger|hamsun
1	A Civil Action	Jonathan Harr		goodreads_137197_top100	civil action|harr
1	The Silence of the Lambs	Thomas Harris		goodreads_137197_top100	silence of the lambs|harris
1	The Ten Thousand Doors of January	Alix E. Harrow		goodreads_137197_top100	ten thousand doors of january|harrow
1	The Go-Between	L. P. Hartley	1953	penguin_100_classics	go between|hartley
1	On the Circulation of Blood	William Harvey		great_books_western_world	on the circulation of blood|harvey
1	On the Generation of Animals	William Harvey		great_books_western_world	on the generation of animals|harvey
1	On the Motion of the Heart and Blood in Animals	William Harvey		great_books_western_world	on the motion of the heart and blood in animals|harvey
1	The Good Soldier Švejk	Jaroslav Hašek		greatest_books_top200	good soldier svejk|hasek
1	A Brief History of Time	Stephen Hawking	1988	guardian_100_best_nonfiction_2017	brief history of time|hawking
1	The House of the Seven Gables	Nathaniel Hawthorne		worldcat_library100	house of the seven gables|hawthorne
1	Birdman	Mo Hayder		goodreads_137197_top100	birdman|hayder
1	The Transit of Venus	Shirley Hazzard	1980	guardian_100_best_novels_2026	transit of venus|hazzard
1	North	Seamus Heaney	1975	guardian_100_best_nonfiction_2017	north|heaney
1	The Philosophy of History	Georg Wilhelm Friedrich Hegel		great_books_western_world	philosophy of history|hegel
1	The Philosophy of Right	Georg Wilhelm Friedrich Hegel		great_books_western_world	philosophy of right|hegel
1	What Is Metaphysics?	Martin Heidegger		great_books_western_world	what is metaphysics|heidegger
1	Physics and Philosophy	Werner Heisenberg		great_books_western_world	physics and philosophy|heisenberg
1	Men Without Women	Ernest Hemingway		observer_100_greatest_novels_2003	men without women|hemingway
1	The Short Happy Life of Francis Macomber	Ernest Hemingway		great_books_western_world	short happy life of francis macomber|hemingway
1	The Blue Lotus	Hergé	1936	le_monde_100_books	blue lotus|herge
1	The History	Herodotus		great_books_western_world	histories|herodotus
1	Dispatches	Michael Herr	1977	guardian_100_best_nonfiction_2017	dispatches|herr
1	Hiroshima	John Hersey	1946	guardian_100_best_nonfiction_2017	hiroshima|hersey
1	Steppenwolf	Hermann Hesse		greatest_books_top200	steppenwolf|hesse
1	Aphorisms	Hippocrates		great_books_western_world	aphorisms|hippocrates
1	Instruments of Reduction	Hippocrates		great_books_western_world	instruments of reduction|hippocrates
1	Of the Epidemics	Hippocrates		great_books_western_world	of the epidemics|hippocrates
1	On Airs, Water, and Places	Hippocrates		great_books_western_world	on airs water and places|hippocrates
1	On Ancient Medicine	Hippocrates		great_books_western_world	on ancient medicine|hippocrates
1	On Fistulae	Hippocrates		great_books_western_world	on fistulae|hippocrates
1	On Fractures	Hippocrates		great_books_western_world	on fractures|hippocrates
1	On Hemorrhoids	Hippocrates		great_books_western_world	on hemorrhoids|hippocrates
1	On Injuries of the Head	Hippocrates		great_books_western_world	on injuries of the head|hippocrates
1	On Regimen in Acute Diseases	Hippocrates		great_books_western_world	on regimen in acute diseases|hippocrates
1	On the Articulations	Hippocrates		great_books_western_world	on the articulations|hippocrates
1	On the Sacred Disease	Hippocrates		great_books_western_world	on the sacred disease|hippocrates
1	On the Surgery	Hippocrates		great_books_western_world	on the surgery|hippocrates
1	The Book of Prognostics	Hippocrates		great_books_western_world	book of prognostics|hippocrates
1	The Hippocratic Oath	Hippocrates		great_books_western_world	hippocratic oath|hippocrates
1	The Law	Hippocrates		great_books_western_world	law|hippocrates
1	The Ulcer	Hippocrates		great_books_western_world	ulcer|hippocrates
1	The American Political Tradition	Richard Hofstadter		modern_library_prh_nonfiction	american political tradition|hofstadter
1	The Uses of Literacy: Aspects of Working-Class Life	Richard Hoggart	1957	guardian_100_best_nonfiction_2017	uses of literacy|hoggart
1	The Line of Beauty	Alan Hollinghurst	2004	guardian_100_best_novels_2026	line of beauty|hollinghurst
1	The Other Valley	Scott Alexander Howard		goodreads_137197_top100	other valley|howard
1	A High Wind in Jamaica	Richard Hughes		modern_library_prh_novels	high wind in jamaica|hughes
1	Birthday Letters	Ted Hughes	1998	guardian_100_best_nonfiction_2017	birthday letters|hughes
1	The Hunchback of Notre Dame	Victor Hugo		worldcat_library100	hunchback of notre dame|hugo
1	The Autumn of the Middle Ages	Johan Huizinga		great_books_western_world	autumn of the middle ages|huizinga
1	A Treatise of Human Nature	David Hume	1739	guardian_100_best_nonfiction_2017	treatise of human nature|hume
1	An Enquiry Concerning Human Understanding	David Hume		great_books_western_world	enquiry concerning human understanding|hume
1	Mind Invaders	Dave Hunt	1989	pbs_great_american_read	mind invaders|hunt
1	The Butterfly Garden	Dot Hutchison		goodreads_137197_top100	butterfly garden|hutchison
1	Point Counter Point	Aldous Huxley		modern_library_prh_novels	point counter point|huxley
1	Treatise on Light	Christiaan Huygens		great_books_western_world	treatise on light|huygens
1	Stranger to the Beautiful: A Journey of Faith, Hope, and Transformation	Don Hynes		goodreads_137197_top100	stranger to the beautiful|hynes
1	Njál's Saga	Unknown, possibly Sæmundr fróði	13th century	bokklubben_world_library	njals saga|i
1	Hedda Gabler	Henrik Ibsen		great_books_western_world	hedda gabler|ibsen
1	The Master Builder	Henrik Ibsen		great_books_western_world	master builder|ibsen
1	The Wild Duck	Henrik Ibsen		great_books_western_world	wild duck|ibsen
1	The Bald Soprano	Eugène Ionesco	1952	le_monde_100_books	bald soprano|ionesco
1	A Single Man	Christopher Isherwood	1964	guardian_100_best_novels_english_2015	single man|isherwood
1	The Berlin Stories	Christopher Isherwood	1946	time_100_novels	berlin stories|isherwood
1	Blake and Mortimer	Edgar P. Jacobs	1950	le_monde_100_books	blake and mortimer|jacobs
1	These Burning Stars	Bethany Jacobs		goodreads_137197_top100	these burning stars|jacobs
1	Fifty Shades of Grey	E.L. James	2011	pbs_great_american_read	fifty shades of gray|james
1	Pragmatism	William James		great_books_western_world	pragmatism|james
1	The Ambassadors	Henry James		modern_library_prh_novels	ambassadors|james
1	The Beast in the Jungle	Henry James		great_books_western_world	beast in the jungle|james
1	The Principles of Psychology	William James		great_books_western_world	principles of psychology|james
1	The Wings of the Dove	Henry James		modern_library_prh_novels	wings of the dove|james
1	The Children of the Dead	Elfriede Jelinek		jeffrich_100_books	children of the dead|jelinek
1	Left Behind	Tim LaHaye / Jerry B. Jenkins	1995	pbs_great_american_read	left behind|jenkins
1	A Dictionary of the English Language	Samuel Johnson	1755	guardian_100_best_nonfiction_2017	dictionary of the english language|johnson
1	The Space Between Worlds	Micaiah Johnson		goodreads_137197_top100	space between worlds|johnson
1	From Here to Eternity	James Jones		modern_library_prh_novels	from here to eternity|jones
1	The Known World	Edward P Jones	2003	guardian_100_best_novels_2026	known world|jones
1	The Phantom Tollbooth	Norton Juster		goodreads_lifetime_100_pdf	phantom tollbooth|juster
1	The General of the Dead Army	Ismail Kadare	1963	le_monde_100_books	general of the dead army|kadare
1	The Parables & Diaries	Kafka		jeffrich_100_books	parables and diaries|kafka
1	Shakuntala	Kālidāsa	1st century BCE – 4th century CE	bokklubben_world_library	shakuntala|kalidasa
1	The Vegetarian	Han Kang	2007	guardian_100_best_novels_2026	vegetarian|kang
1	Critique of Practical Reason	Immanuel Kant		great_books_western_world	critique of practical reason|kant
1	Critique of Pure Reason	Immanuel Kant		great_books_western_world	critique of pure reason|kant
1	Fundamental Principles of the Metaphysic of Morals	Immanuel Kant		great_books_western_world	fundamental principles of the metaphysic of morals|kant
1	General Introduction to the Metaphysic of Morals	Immanuel Kant		great_books_western_world	general introduction to the metaphysic of morals|kant
1	Preface and Introduction to the Metaphysical Elements of Ethics with a note on Conscience	Immanuel Kant		great_books_western_world	preface and introduction to the metaphysical elements of ethics with a note on conscience|kant
1	The Critique of Judgement	Immanuel Kant		great_books_western_world	critique of judgement|kant
1	The Science of Right	Immanuel Kant		great_books_western_world	science of right|kant
1	Snow Country	Yasunari Kawabata		jeffrich_100_books	snow country|kawabata
1	The Sound of the Mountain	Yasunari Kawabata	1954	bokklubben_world_library	sound of the mountain|kawabata
1	Before the Coffee Gets Cold	Toshikazu Kawaguchi		goodreads_137197_top100	before the coffee gets cold|kawaguchi
1	Zorba the Greek	Nikos Kazantzakis	1946	bokklubben_world_library	zorba the greek|kazantzakis
1	The Blighted Stars	Megan E. O'Keefe		goodreads_137197_top100	blighted stars|keefe
1	The Face of Battle	John Keegan		modern_library_prh_nonfiction	face of battle|keegan
1	Helen Keller: The Story of My Life	Helen Keller		goodreads_lifetime_100_pdf	helen keller|keller
1	Ironweed	William Kennedy		modern_library_prh_novels	ironweed|kennedy
1	Epitome of Copernican Astronomy (Books IV–V)	Johannes Kepler		great_books_western_world	epitome of copernican astronomy|kepler
1	The Harmonies of the World (Book V)	Johannes Kepler		great_books_western_world	harmonies of the world|kepler
1	The Economic Consequences of the Peace	John Maynard Keynes	1919	guardian_100_best_nonfiction_2017	economic consequences of the peace|keynes
1	The Secret Life of Bees	Sue Monk Kidd		goodreads_lifetime_100_pdf	secret life of bees|kidd
1	Fear and Trembling	Søren Kierkegaard		great_books_western_world	fear and trembling|kierkegaard
1	Why We Can’T Wait	Martin Luther King Jr.		modern_library_prh_nonfiction	why we cant wait|king
1	The Poisonwood Bible	Barbara Kingslover		goodreads_lifetime_100_pdf	poisonwood bible|kingslover
1	The Deep Sky	Yume Kitasei		goodreads_137197_top100	deep sky|kitasei
1	The Stardust Grail	Yume Kitasei		goodreads_137197_top100	stardust grail|kitasei
1	No Logo	Naomi Klein	1999	guardian_100_best_nonfiction_2017	no logo|klein
1	The Sixth Extinction	Elizabeth Kolbert	2014	guardian_100_best_nonfiction_2017	sixth extinction|kolbert
1	From the Mixed-up Files of Mrs. Basil E. Frankweiler	E.L. Konigsburg		goodreads_lifetime_100_pdf	from the mixed up files of missus basil e frankweiler|konigsburg
1	Watchers	Dean Koontz	1987	pbs_great_american_read	watchers|koontz
1	The Painted Bird	Jerzy Kosinski	1965	time_100_novels	painted bird|kosinski
1	The Book of Laughter and Forgetting	Milan Kundera		observer_100_greatest_novels_2003	book of laughter and forgetting|kundera
1	The Joke	Milan Kundera	1967	le_monde_100_books	joke|kundera
1	Écrits	Jacques Lacan	1966	le_monde_100_books	ecrits|lacan
1	The Wonderful Adventures of Nils	Selma Lagerlöf	1906–07	le_monde_100_books	wonderful adventures of nils|lagerlof
1	The Namesake	Jhumpa Lahiri		bookbub_classics_lifetime	namesake|lahiri
1	Tales from Shakespeare	Charles and Mary Lamb	1807	guardian_100_best_nonfiction_2017	tales from shakespeare|lamb
1	Operating Instructions	Anne Lamott		modern_library_prh_nonfiction	operating instructions|lamott
1	The Girl with the Dragon Tattoo	Stieg Larsson		goodreads_lifetime_100_pdf	girl with the dragon tattoo|larsson
1	Elements of Chemistry	Antoine Laurent Lavoisier		great_books_western_world	elements of chemistry|lavoisier
1	The Prussian Officer	D. H. Lawrence		great_books_western_world	prussian officer|lawrence
1	Women in Love	D.H. Lawrence		modern_library_prh_novels	women in love|lawrence
1	Independent People	Halldór Laxness	1934–35	bokklubben_world_library	independent people|laxness
1	Nonsense Songs	Edward Lear	1871	guardian_100_best_nonfiction_2017	nonsense songs|lear
1	The Great Tradition	FR Leavis	1948	guardian_100_best_nonfiction_2017	great tradition|leavis
1	Translation State	Ann Leckie		goodreads_137197_top100	translation state|leckie
1	Complete Poems	Giacomo Leopardi	1818–1835	bokklubben_world_library	complete poems|leopardi
1	The Periodic Table	Primo Levi		observer_100_greatest_novels_2003	periodic table|levi
1	Structural Anthropology (Chapters I-VI, IX-XII, XV, XVII)	Claude Lévi-Strauss		great_books_western_world	structural anthropology|levi-strauss
1	Tristes Tropiques	Claude Lévi-Strauss	1955	le_monde_100_books	tristes tropiques|levi-strauss
1	A Grief Observed	CS Lewis	1961	guardian_100_best_nonfiction_2017	grief observed|lewis
1	Babbitt	Sinclair Lewis	1922	guardian_100_best_novels_english_2015	babbitt|lewis
1	Main Street	Sinclair Lewis		modern_library_prh_novels	main street|lewis
1	The Sweet Science	A. J. Liebling		modern_library_prh_nonfiction	sweet science|liebling
1	Bright Dead Things	Ada Limon		goodreads_137197_top100	bright dead things|limon
1	The Carrying	Ada Limon		goodreads_137197_top100	carrying|limon
1	Pippi Longstocking	Astrid Lindgren	1945	bokklubben_world_library	pippi longstocking|lindgren
1	A Preface to Morals	Walter Lippmann		modern_library_prh_nonfiction	preface to morals|lippmann
1	A Letter Concerning Toleration	John Locke		great_books_western_world	letter concerning toleration|locke
1	Concerning Civil Government, Second Essay	John Locke		great_books_western_world	concerning civil government second essay|locke
1	Martin Eden	Jack London	1909	le_monde_100_books	martin eden|london
1	White Fang	Jack London		worldcat_library100	white fang|london
1	Gentlemen Prefer Blondes	Anita Loos	1925	guardian_100_best_novels_english_2015	gentlemen prefer blondes|loos
1	On the Nature of Things	Lucretius		great_books_western_world	on the nature of things|lucretius
1	Goodnight Mister Tom	Michelle Magorian		bbc_big_read_top100	goodnight mister tom|magorian
1	Cairo Trilogy	Mahfouz		jeffrich_100_books	cairo trilogy|mahfouz
1	Children of Gebelawi	Naguib Mahfouz	1959	bokklubben_world_library	children of gebelawi|mahfouz
1	The Executioner's Song	Norman Mailer		observer_100_greatest_novels_2003	executioners song|mailer
1	The Naked and the Dead	Norman Mailer		modern_library_prh_novels	naked and the dead|mailer
1	The Assistant	Bernard Malamud	1957	time_100_novels	assistant|malamud
1	The Journalist and the Murderer	Janet Malcolm		modern_library_prh_nonfiction	journalist and the murderer|malcolm
1	The Autobiography of Malcolm X	Alex Haley and Malcolm X		modern_library_prh_nonfiction	autobiography of malcolm x|malcolm x
1	Jefferson and His Time	Dumas Malone		modern_library_prh_nonfiction	jefferson and his time|malone
1	Sea of Tranquility	Emily St. John Mandel		goodreads_137197_top100	sea of tranquility|mandel
1	Death in Venice	Thomas Mann		great_books_western_world	death in venice|mann
1	Wolf Hall	Hilary Mantel	2009	guardian_100_best_novels_2026	wolf hall|mantel
1	The Betrothed	Alessandro Manzoni	1827	penguin_100_classics	betrothed|manzoni
1	West With the Night	Beryl Markham		modern_library_prh_nonfiction	west with the night|markham
1	Household Education	Harriet Martineau	1848	guardian_100_best_nonfiction_2017	household education|martineau
1	Capital	Karl Marx		great_books_western_world	capital|marx
1	Manifesto of the Communist Party	Karl Marx and Friedrich Engels		great_books_western_world	communist manifesto|marx
1	The Jigsaw Man	Nadine Matheson		goodreads_137197_top100	jigsaw man|matheson
1	The Razor's Edge	W. Somerset Maugham	1944	penguin_100_classics	razors edge|maugham
1	Tales of the City	Armistead Maupin	1978	pbs_great_american_read	tales of the city|maupin
1	Thérèse Desqueyroux	François Mauriac	1927	le_monde_100_books	therese desqueyroux|mauriac
1	London Labour and the London Poor	Henry Mayhew	1851	guardian_100_best_nonfiction_2017	london labour and the london poor|mayhew
1	Swan Song	Robert R. McCammon	1987	pbs_great_american_read	swan song|mccammon
1	When Truth Is All You Have: A Memoir of Faith, Justice, and Freedom for the Wrongly Convicted	Jim McCloskey		goodreads_137197_top100	when truth is all you have|mccloskey
1	Poems & Prayers	Matthew McConaughey		goodreads_137197_top100	poems and prayers|mcconaughey
1	Angela’s Ashes	Frank McCourt		bookbub_classics_lifetime	angelas ashes|mccourt
1	The Great Bridge	David McCullough		modern_library_prh_nonfiction	great bridge|mccullough
1	The Mermaids Singing	Val McDermid		goodreads_137197_top100	mermaids singing|mcdermid
1	Amongst Women	John McGahern	1990	guardian_100_best_novels_english_2015	amongst women|mcgahern
1	The Rise of the West	William H. McNeill		modern_library_prh_nonfiction	rise of the west|mcneill
1	Battle Cry of Freedom	James M. McPherson		modern_library_prh_nonfiction	battle cry of freedom|mcpherson
1	The Art of the Soluble	Peter B. Medawar		modern_library_prh_nonfiction	art of the soluble|medawar
1	Twilight Saga, The	Stephenie Meyer	2005	pbs_great_american_read	twilight saga|meyer
1	Considerations on Representative Government	John Stuart Mill		great_books_western_world	considerations on representative government|mill
1	Utilitarianism	John Stuart Mill		great_books_western_world	utilitarianism|mill
1	The Rosy Crucifixion	Henry Miller	1949–60	le_monde_100_books	rosy crucifixion|miller
1	A Paraphrase on Psalm 114	John Milton		great_books_western_world	paraphrase on psalm 114|milton
1	An Epitaph on the Marchioness of Winchester	John Milton		great_books_western_world	epitaph on the marchioness of winchester|milton
1	Another on the same	John Milton		great_books_western_world	another on the same|milton
1	Arcades	John Milton		great_books_western_world	arcades|milton
1	At a Solemn Musick	John Milton		great_books_western_world	at a solemn musick|milton
1	At a Vacation Exercise	John Milton		great_books_western_world	at a vacation exercise|milton
1	Comus	John Milton		great_books_western_world	comus|milton
1	Il Penseroso	John Milton		great_books_western_world	penseroso|milton
1	L'Allegro	John Milton		great_books_western_world	lallegro|milton
1	Lycidas	John Milton		great_books_western_world	lycidas|milton
1	On Shakespeare	John Milton		great_books_western_world	on shakespeare|milton
1	On the Death of a Fair Infant	John Milton		great_books_western_world	on the death of a fair infant|milton
1	On the Lord General Fairfax at the Siege of Colchester	John Milton		great_books_western_world	on the lord general fairfax at the siege of colchester|milton
1	On the Morning of Christ's Nativity	John Milton		great_books_western_world	on the morning of christs nativity|milton
1	On the New Forcers of Conscience	John Milton		great_books_western_world	on the new forcers of conscience|milton
1	On the University Carrier	John Milton		great_books_western_world	on the university carrier|milton
1	On Time	John Milton		great_books_western_world	on time|milton
1	Psalm 136	John Milton		great_books_western_world	psalm 136|milton
1	Psalms (I—VIII & LXXX—LXXXVIII)	John Milton		great_books_western_world	psalms|milton
1	Samson Agonistes	John Milton		great_books_western_world	samson agonistes|milton
1	Song on May Morning	John Milton		great_books_western_world	song on may morning|milton
1	Sonnets (I, and VII—XIX)	John Milton		great_books_western_world	sonnets|milton
1	The Fifth Ode of Horace	John Milton		great_books_western_world	fifth ode of horace|milton
1	The Passion	John Milton		great_books_western_world	passion|milton
1	To Mister Cyriack the Skinner upon his Blindness	John Milton		great_books_western_world	to mister cyriack the skinner upon his blindness|milton
1	To Sir Henry Vane the Younger	John Milton		great_books_western_world	to sir henry vane the younger|milton
1	To the Lord General Cromwell	John Milton		great_books_western_world	to the lord general cromwell|milton
1	Upon the Circumcision	John Milton		great_books_western_world	upon the circumcision|milton
1	A Fine Balance	Rohinton Mistry	1995	guardian_100_best_novels_2026	fine balance|mistry
1	Love in a Cold Climate	Nancy Mitford	1949	penguin_100_classics	love in a cold climate|mitford
1	The Pursuit Of Love	Nancy Mitford		observer_100_greatest_novels_2003	pursuit of love|mitford
1	Don Juan	Molière		great_books_western_world	don juan|moliere
1	Tartuffe	Molière		great_books_western_world	tartuffe|moliere
1	The Critique of the School for Wives	Molière		great_books_western_world	critique of the school for wives|moliere
1	The Imaginary Invalid	Molière		great_books_western_world	imaginary invalid|moliere
1	The Miser	Molière		great_books_western_world	miser|moliere
1	The School for Wives	Molière		great_books_western_world	school for wives|moliere
1	The Would-Be Gentleman	Molière		great_books_western_world	would be gentleman|moliere
1	The Spirit of the Laws	Charles de Secondat, Baron de Montesquieu		great_books_western_world	spirit of the laws|montesquieu
1	Principia Ethica	G. E. Moore		modern_library_prh_nonfiction	principia ethica|moore
1	History	Elsa Morante	1974	bokklubben_world_library	history|morante
1	Contempt/A Ghost at Noon	Alberto Moravia	1954	le_monde_100_books	contempt a ghost at noon|moravia
1	The Pythagorean	Alexander Morpheigh		goodreads_137197_top100	pythagorean|morpheigh
1	The Rise of Theodore Roosevelt	Edmund Morris		modern_library_prh_nonfiction	rise of theodore roosevelt|morris
1	The Bluest Eye	Toni Morrison	1970	guardian_100_best_novels_2026	bluest eye|morrison
1	The City in History	Lewis Mumford		modern_library_prh_nonfiction	city in history|mumford
1	The Sea, The Sea	Iris Murdoch	1978	penguin_100_classics	sea the sea|murdoch
1	An American Dilemma	Gunnar Myrdal		modern_library_prh_nonfiction	american dilemma|myrdal
1	Science and Civilization in China	Joseph Needham		modern_library_prh_nonfiction	science and civilization in china|needham
1	Mourning Becomes Electra	Eugene O'Neill		great_books_western_world	mourning becomes electra|neill
1	The Holy Bible: New King James Version	Thomas Nelson		goodreads_lifetime_100_pdf	holy bible|nelson
1	Mathematical Principles of Natural Philosophy	Sir Isaac Newton		great_books_western_world	mathematical principles of natural philosophy|newton
1	Optics	Sir Isaac Newton		great_books_western_world	optics|newton
1	The Nature and Destiny of Man	Reinhold Niebuhr		modern_library_prh_nonfiction	nature and destiny of man|niebuhr
1	Beyond Good and Evil	Friedrich Nietzsche		great_books_western_world	beyond good and evil|nietzsche
1	My Life in Court	Louis Nizer		goodreads_137197_top100	my life in court|nizer
1	The Polymorph	Max Nowaz		goodreads_137197_top100	polymorph|nowaz
1	Dreams from My Father	Barack Obama	1995	guardian_100_best_nonfiction_2017	dreams from my father|obama
1	A Thousand Mornings: Poems	Mary Oliver		goodreads_137197_top100	thousand mornings|oliver
1	Devotions: The Selected Poems of Mary Oliver	Mary Oliver		goodreads_137197_top100	devotions|oliver
1	The English Patient	Ondaatje		jeffrich_100_books	english patient|ondaatje
1	The Road to Wigan Pier	George Orwell	1937	guardian_100_best_nonfiction_2017	road to wigan pier|orwell
1	Captive Mind	Miłosz		jeffrich_100_books	captive mind|osz
1	The Gnostic Gospels	Elaine Pagels		modern_library_prh_nonfiction	gnostic gospels|pagels
1	Common Sense	Tom Paine	1776	guardian_100_best_nonfiction_2017	common sense|paine
1	My Name is Red	Orhan Pamuk		jeffrich_100_books	my name is red|pamuk
1	Studies in Iconology	Erwin Panofsky		modern_library_prh_nonfiction	studies in iconology|panofsky
1	Articles of Confederation	American State Papers		great_books_western_world	articles of confederation|papers
1	Declaration of Independence	American State Papers		great_books_western_world	declaration of independence|papers
1	The Constitution of the United States of America	American State Papers		great_books_western_world	constitution of the united states of america|papers
1	Travels in the Interior Districts of Africa	Mungo Park	1799	guardian_100_best_nonfiction_2017	travels in the interior districts of africa|park
1	Account of the Great Experiment Concerning the Equilibrium of Fluids	Blaise Pascal		great_books_western_world	account of the great experiment concerning the equilibrium of fluids|pascal
1	Correspondence with Fermat on the Theory of Probabilities	Blaise Pascal		great_books_western_world	correspondence with fermat on the theory of probabilities|pascal
1	New Experiments Concerning the Vacuum	Blaise Pascal		great_books_western_world	new experiments concerning the vacuum|pascal
1	On Geometrical Demonstration	Blaise Pascal		great_books_western_world	on geometrical demonstration|pascal
1	Pensées	Blaise Pascal		great_books_western_world	pensees|pascal
1	Preface to the Treatise on the Vacuum	Blaise Pascal		great_books_western_world	preface to the treatise on the vacuum|pascal
1	The Provincial Letters	Blaise Pascal		great_books_western_world	provincial letters|pascal
1	Treatise on the Arithmetical Triangle	Blaise Pascal		great_books_western_world	treatise on the arithmetical triangle|pascal
1	Treatises on the Equilibrium of Liquids and on the Weight of the Mass of the Air	Blaise Pascal		great_books_western_world	treatises on the equilibrium of liquids and on the weight of the mass of the air|pascal
1	Manhattan Transfer	John Dos Passos	1925	le_monde_100_books	manhattan transfer|passos
1	Nineteen Nineteen	John Dos Passos	1932	guardian_100_best_novels_english_2015	nineteen nineteen|passos
1	Bridge to Terabithia	Katherine Paterson		bookbub_classics_lifetime	bridge to terabithia|paterson
1	Alex Cross Mysteries	James Patterson	1993	pbs_great_american_read	alex cross mysteries|patterson
1	Hatchet	Gary Paulsen	1987	pbs_great_american_read	hatchet|paulsen
1	Gormenghast	Mervyn Peake		bbc_big_read_top100	gormenghast|peake
1	The Diary of Samuel Pepys	Samuel Pepys	1660	guardian_100_best_nonfiction_2017	diary of samuel pepys|pepys
1	Life: A User's Manual	Georges Perec	1978	le_monde_100_books	life|perec
1	This Present Darkness	Frank E. Peretti	1986	pbs_great_american_read	this present darkness|peretti
1	On Conic Sections	Apollonius of Perga		great_books_western_world	on conic sections|perga
1	Amers	Saint-John Perse	1957	le_monde_100_books	amers|perse
1	The Shell Seekers	Rosamunde Pilcher		bbc_big_read_top100	shell seekers|pilcher
1	Scientific Autobiography and Other Papers	Max Planck		great_books_western_world	scientific autobiography and other papers|planck
1	Ariel	Sylvia Plath	1965	guardian_100_best_nonfiction_2017	ariel|plath
1	Apology	Plato		great_books_western_world	apology|plato
1	Charmides	Plato		great_books_western_world	charmides|plato
1	Cratylus	Plato		great_books_western_world	cratylus|plato
1	Critias	Plato		great_books_western_world	critias|plato
1	Crito	Plato		great_books_western_world	crito|plato
1	Euthydemus	Plato		great_books_western_world	euthydemus|plato
1	Euthyphro	Plato		great_books_western_world	euthyphro|plato
1	Gorgias	Plato		great_books_western_world	gorgias|plato
1	Ion	Plato		great_books_western_world	ion|plato
1	Laches	Plato		great_books_western_world	laches|plato
1	Laws	Plato		great_books_western_world	laws|plato
1	Lysis	Plato		great_books_western_world	lysis|plato
1	Meno	Plato		great_books_western_world	meno|plato
1	Parmenides	Plato		great_books_western_world	parmenides|plato
1	Phaedo	Plato		great_books_western_world	phaedo|plato
1	Phaedrus	Plato		great_books_western_world	phaedrus|plato
1	Philebus	Plato		great_books_western_world	philebus|plato
1	Protagoras	Plato		great_books_western_world	protagoras|plato
1	Sophist	Plato		great_books_western_world	sophist|plato
1	Statesman	Plato		great_books_western_world	statesman|plato
1	Symposium	Plato		great_books_western_world	symposium|plato
1	The Seventh Letter	Plato		great_books_western_world	seventh letter|plato
1	Theaetetus	Plato		great_books_western_world	theaetetus|plato
1	Timaeus	Plato		great_books_western_world	timaeus|plato
1	The Six Enneads	Plotinus		great_books_western_world	six enneads|plotinus
1	The Lives of the Noble Grecians and Romans	Plutarch		great_books_western_world	lives of the noble grecians and romans|plutarch
1	The Narrative of Arthur Gordon Pym of Nantucket	Edgar Allan Poe	1838	guardian_100_best_novels_english_2015	narrative of arthur gordon pym of nantucket|poe
1	The Raven	Edgar Allen Poe		goodreads_lifetime_100_pdf	raven|poe
1	Science and Hypothesis	Henri Poincaré		great_books_western_world	science and hypothesis|poincare
1	Good Omens	Neil Gaiman and Terry Pratchett		bbc_big_read_top100	good omens|pratchett
1	Guards! Guards!	Terry Pratchett		bbc_big_read_top100	guards guards|pratchett
1	Mort	Terry Pratchett		bbc_big_read_top100	mort|pratchett
1	Night Watch	Terry Pratchett		bbc_big_read_top100	night watch|pratchett
1	The Colour of Magic	Terry Pratchett		bbc_big_read_top100	color of magic|pratchett
1	The Ballad of the Salty Sea	Hugo Pratt	1967	le_monde_100_books	ballad of the salty sea|pratt
1	Paroles	Jacques Prévert	1946	le_monde_100_books	paroles|prevert
1	Almagest	Ptolemy		great_books_western_world	almagest|ptolemy
1	Eugene Onegin	Pushkin		jeffrich_100_books	eugene onegin|pushkin
1	The Captain's Daughter	Pushkin		jeffrich_100_books	captains daughter|pushkin
1	The Queen of Spades	Pushkin		jeffrich_100_books	queen of spades|pushkin
1	Gravity's Rainbow	Thomas Pynchon	1973	time_100_novels	gravitys rainbow|pynchon
1	The Crying of Lot 49	Thomas Pynchon	1966	time_100_novels	crying of lot 49|pynchon
1	Zazie in the Metro	Raymond Queneau	1959	le_monde_100_books	zazie in the metro|queneau
1	Confessions of an English Opium-Eater	Thomas De Quincey	1822	guardian_100_best_nonfiction_2017	confessions of an english opium eater|quincey
1	Bérénice	Jean Racine		great_books_western_world	berenice|racine
1	Phèdre	Jean Racine		great_books_western_world	phedre|racine
1	The History of the World	Walter Raleigh	1614	guardian_100_best_nonfiction_2017	history of the world|raleigh
1	Swallows and Amazons	Arthur Ransome		bbc_big_read_top100	swallows and amazons|ransome
1	A Theory of Justice	John Rawls		modern_library_prh_nonfiction	theory of justice|rawls
1	Where the Red Fern Grows	Wilson Rawls	1961	pbs_great_american_read	where the red fern grows|rawls
1	Ten Days That Shook the World	John Reed	1919	guardian_100_best_nonfiction_2017	ten days that shook the world|reed
1	Cadillac Desert	Marc Reisner		modern_library_prh_nonfiction	cadillac desert|reisner
1	Journal, 1887–1910	Jules Renard	1925	le_monde_100_books	journal 1887 1910|renard
1	Bunt (Revolt)	Reymont		jeffrich_100_books	bunt|reymont
1	Ghost	Jason Reynolds	2016	pbs_great_american_read	ghost|reynolds
1	Machine Vendetta	Alastair Reynolds		goodreads_137197_top100	machine vendetta|reynolds
1	The Making of the Atomic Bomb	Richard Rhodes		modern_library_prh_nonfiction	making of the atomic bomb|rhodes
1	The Fortunes of Richard Mahoney	H.H. Richardson		jeffrich_100_books	fortunes of richard mahoney|richardson
1	The Notebooks of Malte Laurids Brigge	Rainer Maria Rilke	1910	le_monde_100_books	notebooks of malte laurids brigge|rilke
1	Gilead	Marilynne Robinson	2004	pbs_great_american_read	gilead|robinson
1	Thesaurus	Dr Peter Mark Roget	1852	guardian_100_best_nonfiction_2017	thesaurus|roget
1	Hadrian the Seventh	Frederick Rolfe	1904	guardian_100_best_novels_english_2015	hadrian the seventh|rolfe
1	The Devil to Pay in the Backlands	João Guimarães Rosa	1956	bokklubben_world_library	devil to pay in the backlands|rosa
1	Call It Sleep	Henry Roth	1935	time_100_novels	call it sleep|roth
1	A Discourse on Political Economy	Jean Jacques Rousseau		great_books_western_world	discourse on political economy|rousseau
1	A Discourse on the Origin of Inequality	Jean Jacques Rousseau		great_books_western_world	discourse on the origin of inequality|rousseau
1	The Social Contract	Jean Jacques Rousseau		great_books_western_world	social contract|rousseau
1	Masnavi	Rumi	1258–73	bokklubben_world_library	masnavi|rumi
1	Haroun and the Sea of Stories	Salman Rushdie		observer_100_greatest_novels_2003	haroun and the sea of stories|rushdie
1	Principia Mathematica	Alfred North Whitehead and Bertrand Russell		modern_library_prh_nonfiction	principia mathematica|russell
1	The Problems of Philosophy	Bertrand Russell		great_books_western_world	problems of philosophy|russell
1	Bostan	Saadi	1257	bokklubben_world_library	bostan|saadi
1	Holes	Louis Sachar		bbc_big_read_top100	holes|sachar
1	Awakenings	Oliver Sacks	1973	guardian_100_best_nonfiction_2017	awakenings|sacks
1	Cascade Failure	L.M. Sagas		goodreads_137197_top100	cascade failure|sagas
1	Orientalism	Edward Said	1978	guardian_100_best_nonfiction_2017	orientalism|said
1	Season of Migration to the North	Tayeb Salih	1966	bokklubben_world_library	season of migration to the north|salih
1	Wheel of Time, The	Robert Jordan / Brandon Sanderson	1990	pbs_great_american_read	wheel of time|sanderson
1	Blindness	José Saramago	1995	bokklubben_world_library	blindness|saramago
1	Tropisms	Nathalie Sarraute	1939	le_monde_100_books	tropisms|sarraute
1	Being and Nothingness	Jean-Paul Sartre	1943	le_monde_100_books	being and nothingness|sartre
1	What Is Life?	Erwin Schrödinger		great_books_western_world	what is life|schrodinger
1	Ivanhoe	Walter Scott		worldcat_library100	ivanhoe|scott
1	Staying On	Paul Scott	1977	penguin_100_classics	staying on|scott
1	The Wonderful Adventures of Mrs Seacole in Many Lands	Mary Seacole	1857	guardian_100_best_nonfiction_2017	wonderful adventures of missus seacole in many lands|seacole
1	Lovely Bones, The	Alice Sebold	2002	pbs_great_american_read	lovely bones|sebold
1	A Suitable Boy	Vikram Seth		bbc_big_read_top100	suitable boy|seth
1	Katherine	Anya Seton		bbc_big_read_top100	katherine|seton
1	A Midsummer Night's Dream	William Shakespeare		great_books_western_world	midsummer nights dream|shakespeare
1	All's Well That Ends Well	William Shakespeare		great_books_western_world	alls well that ends well|shakespeare
1	Antony and Cleopatra	William Shakespeare		great_books_western_world	antony and cleopatra|shakespeare
1	As You Like It	William Shakespeare		great_books_western_world	as you like it|shakespeare
1	Coriolanus	William Shakespeare		great_books_western_world	coriolanus|shakespeare
1	Cymbeline	William Shakespeare		great_books_western_world	cymbeline|shakespeare
1	Julius Caesar	William Shakespeare		great_books_western_world	julius caesar|shakespeare
1	Love's Labour's Lost	William Shakespeare		great_books_western_world	loves labours lost|shakespeare
1	Measure for Measure	William Shakespeare		great_books_western_world	measure for measure|shakespeare
1	Much Ado About Nothing	William Shakespeare		great_books_western_world	much ado about nothing|shakespeare
1	Pericles, Prince of Tyre	William Shakespeare		great_books_western_world	pericles prince of tyre|shakespeare
1	Sonnets	William Shakespeare		great_books_western_world	sonnets|shakespeare
1	The Comedy of Errors	William Shakespeare		great_books_western_world	comedy of errors|shakespeare
1	The Famous History of the Life of King Henry the Eighth	William Shakespeare		great_books_western_world	famous history of the life of king henry the eighth|shakespeare
1	The First Part of King Henry the Fourth	William Shakespeare		great_books_western_world	first part of king henry the fourth|shakespeare
1	The First Part of King Henry the Sixth	William Shakespeare		great_books_western_world	first part of king henry the sixth|shakespeare
1	The Life and Death of King John	William Shakespeare		great_books_western_world	life and death of king john|shakespeare
1	The Life of King Henry the Fifth	William Shakespeare		great_books_western_world	life of king henry the fifth|shakespeare
1	The Merchant of Venice	William Shakespeare		great_books_western_world	merchant of venice|shakespeare
1	The Merry Wives of Windsor	William Shakespeare		great_books_western_world	merry wives of windsor|shakespeare
1	The Second Part of King Henry the Fourth	William Shakespeare		great_books_western_world	second part of king henry the fourth|shakespeare
1	The Second Part of King Henry the Sixth	William Shakespeare		great_books_western_world	second part of king henry the sixth|shakespeare
1	The Taming of the Shrew	William Shakespeare		great_books_western_world	taming of the shrew|shakespeare
1	The Tempest	William Shakespeare		great_books_western_world	tempest|shakespeare
1	The Third Part of King Henry the Sixth	William Shakespeare		great_books_western_world	third part of king henry the sixth|shakespeare
1	The Tragedy of King Richard the Second	William Shakespeare		great_books_western_world	tragedy of king richard the second|shakespeare
1	The Tragedy of Richard the Third	William Shakespeare		great_books_western_world	tragedy of richard the third|shakespeare
1	The Two Gentlemen of Verona	William Shakespeare		great_books_western_world	two gentlemen of verona|shakespeare
1	The Winter's Tale	William Shakespeare		great_books_western_world	winters tale|shakespeare
1	Timon of Athens	William Shakespeare		great_books_western_world	timon of athens|shakespeare
1	Titus Andronicus	William Shakespeare		great_books_western_world	titus andronicus|shakespeare
1	Troilus and Cressida	William Shakespeare		great_books_western_world	troilus and cressida|shakespeare
1	Twelfth Night; or, What You Will	William Shakespeare		great_books_western_world	twelfth night|shakespeare
1	Celebrating Silence: Excerpts From Five Years of Weekly Knowledge 1995-2000	Sri Sri Ravi Shankar		goodreads_lifetime_100_pdf	celebrating silence|shankar
1	Saint Joan	George Bernard Shaw		great_books_western_world	saint joan|shaw
1	A Bright Shining Lie	Neil Sheehan		modern_library_prh_nonfiction	bright shining lie|sheehan
1	All This & More	Peng Shepherd		goodreads_137197_top100	all this and more|shepherd
1	And Quiet Flows the Don	Sholokhov		jeffrich_100_books	and quiet flows the don|sholokhov
1	A Town Like Alice	Nevil Shute		bbc_big_read_top100	town like alice|shute
1	Where the Sidewalk Ends	Shel Silverstein		goodreads_lifetime_100_pdf	where the sidewalk ends|silverstein
1	The Strange Case of Peter the Lett	Georges Simenon	1931	le_monde_100_books	strange case of peter the lett|simenon
1	The Immortal Life of Henrietta Lacks	Rebecca Skloot		goodreads_lifetime_100_pdf	immortal life of henrietta lacks|skloot
1	Life on Mars: Poems	Tracy K. Smith		goodreads_137197_top100	life on mars|smith
1	The Gulag Archipelago	Aleksandr Solzhenitsyn	1973	le_monde_100_books	gulag archipelago|solzhenitsyn
1	Strange Tales from a Chinese Studio	Pu Songling		jeffrich_100_books	strange tales from a chinese studio|songling
1	Against Interpretation	Susan Sontag	1966	guardian_100_best_nonfiction_2017	against interpretation|sontag
1	Ajax	Sophocles		great_books_western_world	ajax|sophocles
1	Electra	Sophocles		great_books_western_world	electra|sophocles
1	Philoctetes	Sophocles		great_books_western_world	philoctetes|sophocles
1	The Trachiniae	Sophocles		great_books_western_world	trachiniae|sophocles
1	Coldest Winter Ever, The	Sister Souljah	1999	pbs_great_american_read	coldest winter ever|souljah
1	Notebook, The	Nicholas Sparks	1996	pbs_great_american_read	notebook|sparks
1	The Gate of Heavenly Peace	Jonathan D. Spence		modern_library_prh_nonfiction	gate of heavenly peace|spence
1	Ethics	Benedict de Spinoza		great_books_western_world	ethics|spinoza
1	The Common Sense Book of Baby and Child Care	Dr Benjamin Spock	1946	guardian_100_best_nonfiction_2017	common sense book of baby and child care|spock
1	Heidi	Johanna Spyri		worldcat_library100	heidi|spyri
1	The Man Who Loved Children	Christina Stead	1940	time_100_novels	man who loved children|stead
1	Angle of Repose	Wallace Stegner		modern_library_prh_novels	angle of repose|stegner
1	The Autobiography of Alice B. Toklas	Gertrude Stein		modern_library_prh_nonfiction	autobiography of alice b toklas|stein
1	Travels with Charley	John Steinbeck	1962	penguin_100_classics	travels with charley|steinbeck
1	Snow Crash	Neal Stephenson	1992	time_100_novels	snow crash|stephenson
1	Just Mercy	Bryan Stevenson		goodreads_137197_top100	just mercy|stevenson
1	Travels With a Donkey in the Cévennes	Robert Louis Stevenson	1879	guardian_100_best_nonfiction_2017	travels with a donkey in the cevennes|stevenson
1	The Doomsday Butcher	S.E. Stitcher		goodreads_137197_top100	doomsday butcher|stitcher
1	Dog Soldiers	Robert Stone	1974	time_100_novels	dog soldiers|stone
1	The Prose Edda	Snorri Sturluson		jeffrich_100_books	prose edda|sturluson
1	Darkness Visible	William Styron		modern_library_prh_nonfiction	darkness visible|styron
1	The Confessions of Nat Turner	William Styron	1967	time_100_novels	confessions of nat turner|styron
1	The Art of War	Sun-Tzu		penguin_100_classics	art of war|sun-tzu
1	The Chestnut Man	Søren Sveistrup		goodreads_137197_top100	chestnut man|sveistrup
1	A Modest Proposal	Jonathan Swift	1729	guardian_100_best_nonfiction_2017	modest proposal|swift
1	The Annals	P. Cornelius Tacitus		great_books_western_world	annals|tacitus
1	The Histories	P. Cornelius Tacitus		great_books_western_world	histories|tacitus
1	Stories	Tagore		jeffrich_100_books	stories|tagore
1	Joy Luck Club, The	Amy Tan	1989	pbs_great_american_read	joy luck club|tan
1	The Magnificent Ambersons	Booth Tarkington		modern_library_prh_novels	magnificent ambersons|tarkington
1	The Goldfinch	Donna Tartt		bookbub_classics_lifetime	goldfinch|tartt
1	Religion and the Rise of Capitalism	R. H. Tawney		modern_library_prh_nonfiction	religion and the rise of capitalism|tawney
1	The Acquisitive Society	R. H. Tawney		great_books_western_world	acquisitive society|tawney
1	Service Model	Adrian Tchaikovsky		goodreads_137197_top100	service model|tchaikovsky
1	Shards of Earth	Adrian Tchaikovsky		goodreads_137197_top100	shards of earth|tchaikovsky
1	Shroud	Adrian Tchaikovsky		goodreads_137197_top100	shroud|tchaikovsky
1	Working	Studs Terkel		modern_library_prh_nonfiction	working|terkel
1	Some Desperate Glory	Emily Tesh		goodreads_137197_top100	some desperate glory|tesh
1	The Lives of a Cell	Lewis Thomas		modern_library_prh_nonfiction	lives of a cell|thomas
1	Lark Rise to Candleford	Flora Thompson	1939	penguin_100_classics	lark rise to candleford|thompson
1	On Growth and Form	D'Arcy Thompson		modern_library_prh_nonfiction	on growth and form|thompson
1	History of the Peloponnesian War	Thucydides		great_books_western_world	history of the peloponnesian war|thucydides
1	Democracy in America	Alexis de Tocqueville		great_books_western_world	democracy in america|tocqueville
1	Flights	Tokarczuk		jeffrich_100_books	flights|tokarczuk
1	The Books of Jacob	Tokarczuk		jeffrich_100_books	books of jacob|tokarczuk
1	The Death of Ivan Ilyich and Other Stories	Leo Tolstoy	1886	bokklubben_world_library	death of ivan ilyich|tolstoy
1	Friday	Michel Tournier	1967	le_monde_100_books	friday|tournier
1	A Study of History	Arnold J. Toynbee		modern_library_prh_nonfiction	study of history|toynbee
1	The Ragged-Trousered Philanthropists	Robert Tressell		bbc_big_read_top100	ragged trousered philanthropists|tressell
1	The Last Days of Hitler	Hugh Trevor-Roper	1947	guardian_100_best_nonfiction_2017	last days of hitler|trevor-roper
1	The Liberal Imagination	Lionel Trilling		modern_library_prh_nonfiction	liberal imagination|trilling
1	Barchester Towers	Anthony Trollope	1857	penguin_100_classics	barchester towers|trollope
1	Domestic Manners of the Americans	Frances Trollope	1832	guardian_100_best_nonfiction_2017	domestic manners of the americans|trollope
1	The Palliser Novels	Trollope		jeffrich_100_books	palliser novels|trollope
1	The Guns of August	Barbara Tuchman		modern_library_prh_nonfiction	guns of august|tuchman
1	The Frontier in American History	Frederick Jackson Turner		modern_library_prh_nonfiction	frontier in american history|turner
1	One L: The Turbulent True Story of a First Year at Harvard Law School	Scott Turow		goodreads_137197_top100	one l|turow
1	A Connecticut Yankee in King Arthur's Court	Mark Twain		worldcat_library100	connecticut yankee in king arthurs court|twain
1	Life on the Mississippi	Mark Twain	1883	guardian_100_best_nonfiction_2017	life on the mississippi|twain
1	The Autobiography of Mark Twain	Mark Twain		modern_library_prh_nonfiction	autobiography of mark twain|twain
1	The Prince and the Pauper	Mark Twain		worldcat_library100	prince and the pauper|twain
1	Breathing Lessons	Anne Tyler	1988	guardian_100_best_novels_english_2015	breathing lessons|tyler
1	Asterix the Gaul	René Goscinny and Albert Uderzo	1959	le_monde_100_books	asterix the gaul|uderzo
1	Kristin Lavransdatter	Undset		jeffrich_100_books	kristin lavransdatter|undset
1	Rabbit Redux	John Updike	1971	guardian_100_best_novels_english_2015	rabbit redux|updike
1	The Theory of the Leisure Class	Thorstein Veblen		great_books_western_world	theory of the leisure class|veblen
1	Le Silence de la mer	Vercors	1942	le_monde_100_books	silence de la mer|vercors
1	Cutting for Stone	Abraham Verghese		goodreads_lifetime_100_pdf	cutting for stone|verghese
1	20,000 Leagues Under the Sea	Jules Verne		worldcat_library100	twenty thousand leagues under the sea|verne
1	A Journey to the Center of the Earth	Jules Verne		worldcat_library100	journey to the center of the earth|verne
1	Froth on the Daydream	Boris Vian	1947	le_monde_100_books	froth on the daydream|vian
1	Eclogues	Virgil		great_books_western_world	eclogues|virgil
1	Georgics	Virgil		great_books_western_world	georgics|virgil
1	Sirens of Titan, The	Kurt Vonnegut	1959	pbs_great_american_read	sirens of titan|vonnegut
1	Time Is a Mother	Ocean Vuong		goodreads_137197_top100	time is a mother|vuong
1	The Nature of Life	C. H. Waddington		great_books_western_world	nature of life|waddington
1	The Glass Castle: A Memoir	Jeannette Walls		goodreads_lifetime_100_pdf	glass castle|walls
1	Lolly Willowes	Sylvia Townsend Warner	1926	guardian_100_best_novels_english_2015	lolly willowes|warner
1	Up From Slavery	Booker T. Washington		modern_library_prh_nonfiction	up from slavery|washington
1	Essays in Sociology (Chapters IV-XIII)	Max Weber		great_books_western_world	essays in sociology|weber
1	An American Dictionary of the English Language	Noah Webster	1828	guardian_100_best_nonfiction_2017	american dictionary of the english language|webster
1	Martian, The	Andy Weir	2014	pbs_great_american_read	martian|weir
1	Where Law Ends: Inside the Mueller Investigation	Andrew Weissmann		goodreads_137197_top100	where law ends|weissmann
1	The History of Mr Polly	HG Wells	1910	guardian_100_best_novels_english_2015	history of mister polly|wells
1	The Time Machine	H. G. Wells	1895	penguin_100_classics	time machine|wells
1	The War of the Worlds	H. G. Wells	1898	le_monde_100_books	war of the worlds|wells
1	Black Lamb and Grey Falcon	Rebecca West		modern_library_prh_nonfiction	black lamb and gray falcon|west
1	Ethan Frome	Edith Wharton		bookbub_classics_lifetime	ethan frome|wharton
1	The Natural History and Antiquities of Selborne	Gilbert White	1789	guardian_100_best_nonfiction_2017	natural history and antiquities of selborne|white
1	Vivisector	White		jeffrich_100_books	vivisector|white
1	An Introduction to Mathematics	Alfred North Whitehead		great_books_western_world	introduction to mathematics|whitehead
1	Intuitionist, The	Colson Whitehead	1999	pbs_great_american_read	intuitionist|whitehead
1	Science and the Modern World	Alfred North Whitehead		great_books_western_world	science and the modern world|whitehead
1	The Nickel Boys	Colson Whitehead		bookbub_classics_lifetime	nickel boys|whitehead
1	De Profundis	Oscar Wilde	1905	guardian_100_best_nonfiction_2017	de profundis|wilde
1	In the American Grain	William Carlos Williams		modern_library_prh_nonfiction	in the american grain|williams
1	The Contours of American History	William Appleman Williams		modern_library_prh_nonfiction	contours of american history|williams
1	Double Act	Jacqueline Wilson		bbc_big_read_top100	double act|wilson
1	Girls in Love	Jacqueline Wilson		bbc_big_read_top100	girls in love|wilson
1	Patriotic Gore	Edmund Wilson		modern_library_prh_nonfiction	patriotic gore|wilson
1	The Ants	Bert Hoelldobler and Edward O. Wilson		modern_library_prh_nonfiction	ants|wilson
1	The Story of Tracy Beaker	Jacqueline Wilson		bbc_big_read_top100	story of tracy beaker|wilson
1	Vicky Angel	Jacqueline Wilson		bbc_big_read_top100	vicky angel|wilson
1	Philosophical Investigations	Ludwig Wittgenstein		great_books_western_world	philosophical investigations|wittgenstein
1	Joy in the Morning	PG Wodehouse	1946	guardian_100_best_novels_english_2015	joy in the morning|wodehouse
1	The Code of the Woosters	P. G. Wodehouse	1938	penguin_100_classics	code of the woosters|wodehouse
1	This Boy’S Life	Tobias Wolff		modern_library_prh_nonfiction	this boys life|wolff
1	A Vindication of the Rights of Woman	Mary Wollstonecraft	1792	guardian_100_best_nonfiction_2017	vindication of the rights of woman|wollstonecraft
1	Florence Nightingale	Cecil Woodham-Smith		modern_library_prh_nonfiction	florence nightingale|woodham-smith
1	The Strange Career of Jim Crow	C. Vann Woodward		modern_library_prh_nonfiction	strange career of jim crow|woodward
1	Jacob's Room	Virginia Woolf	1922	guardian_100_best_novels_2026	jacobs room|woolf
1	The Chrysalids	John Wyndham	1955	penguin_100_classics	chrysalids|wyndham
1	The Swiss Family Robinson	Johann David Wyss		worldcat_library100	swiss family robinson|wyss
1	The Story of the Stone	Cao Xueqin		jeffrich_100_books	story of the stone|xueqin
1	Diary of a Madman and Other Stories	Lu Xun	1918	bokklubben_world_library	diary of a madman and other stories|xun
1	The Real Story of Ah Q	Lu Xun		jeffrich_100_books	real story of ah q|xun
1	Red Sorghum	Mo Yan		jeffrich_100_books	red sorghum|yan
1	Revolutionary Road	Richard Yates	1961	time_100_novels	revolutionary road|yates
1	The Art of Memory	Frances A. Yates		modern_library_prh_nonfiction	art of memory|yates
1	Autobiographies	W. B. Yeats		modern_library_prh_nonfiction	autobiographies|yeats
1	Collected Poems of W.B. Yeats	William Butler Yeats		bookbub_classics_lifetime	collected poems of w b yeats|yeats
1	Shack, The	William P. Young	2007	pbs_great_american_read	shack|young
1	The Abyss	Marguerite Yourcenar	1968	le_monde_100_books	abyss|yourcenar
1	Counsel, the Courtroom Is Open: Lessons from More Than a Half-Century in Law and Life	Mark C. Zauderer		goodreads_137197_top100	counsel the courtroom is open|zauderer
1	Confusion of Feelings	Stefan Zweig	1927	le_monde_100_books	confusion of feelings|zweig
